Date,Q (m3/s)
1974-01-01,4560.0
1974-01-02,4520.0
1974-01-03,4470.0
1974-01-04,4420.0
1974-01-05,4380.0
1974-01-06,4360.0
1974-01-07,4320.0
1974-01-08,4290.0
1974-01-09,4250.0
1974-01-10,4220.0
1974-01-11,4140.0
1974-01-12,4090.0
1974-01-13,4020.0
1974-01-14,3980.0
1974-01-15,3970.0
1974-01-16,3820.0
1974-01-17,3690.0
1974-01-18,3650.0
1974-01-19,3610.0
1974-01-20,3600.0
1974-01-21,3570.0
1974-01-22,3510.0
1974-01-23,3510.0
1974-01-24,3510.0
1974-01-25,3510.0
1974-01-26,3470.0
1974-01-27,3420.0
1974-01-28,3420.0
1974-01-29,3420.0
1974-01-30,3380.0
1974-01-31,3380.0
1974-02-01,3360.0
1974-02-02,3330.0
1974-02-03,3290.0
1974-02-04,3270.0
1974-02-05,3240.0
1974-02-06,3220.0
1974-02-07,3190.0
1974-02-08,3150.0
1974-02-09,3110.0
1974-02-10,3090.0
1974-02-11,3060.0
1974-02-12,3010.0
1974-02-13,2960.0
1974-02-14,2900.0
1974-02-15,2850.0
1974-02-16,2820.0
1974-02-17,2810.0
1974-02-18,2770.0
1974-02-19,2730.0
1974-02-20,2690.0
1974-02-21,2690.0
1974-02-22,2690.0
1974-02-23,2690.0
1974-02-24,2690.0
1974-02-25,2670.0
1974-02-26,2650.0
1974-02-27,2680.0
1974-02-28,2610.0
1974-03-01,2610.0
1974-03-02,2610.0
1974-03-03,2610.0
1974-03-04,2610.0
1974-03-05,2580.0
1974-03-06,2540.0
1974-03-07,2540.0
1974-03-08,2530.0
1974-03-09,2500.0
1974-03-10,2500.0
1974-03-11,2500.0
1974-03-12,2480.0
1974-03-13,2480.0
1974-03-14,2450.0
1974-03-15,2430.0
1974-03-16,2430.0
1974-03-17,2390.0
1974-03-18,2350.0
1974-03-19,2330.0
1974-03-20,2280.0
1974-03-21,2260.0
1974-03-22,2240.0
1974-03-23,2210.0
1974-03-24,2210.0
1974-03-25,2210.0
1974-03-26,2210.0
1974-03-27,2210.0
1974-03-28,2210.0
1974-03-29,2210.0
1974-03-30,2210.0
1974-03-31,2240.0
1974-04-01,2200.0
1974-04-02,2170.0
1974-04-03,2080.0
1974-04-04,2080.0
1974-04-05,2080.0
1974-04-06,2120.0
1974-04-07,2200.0
1974-04-08,2300.0
1974-04-09,2390.0
1974-04-10,2470.0
1974-04-11,2510.0
1974-04-12,2580.0
1974-04-13,2650.0
1974-04-14,2730.0
1974-04-15,2800.0
1974-04-16,2800.0
1974-04-17,2750.0
1974-04-18,2690.0
1974-04-19,2620.0
1974-04-20,2560.0
1974-04-21,2500.0
1974-04-22,2480.0
1974-04-23,2450.0
1974-04-24,2350.0
1974-04-25,2310.0
1974-04-26,2270.0
1974-04-27,2230.0
1974-04-28,2140.0
1974-04-29,2170.0
1974-04-30,2140.0
1974-05-01,2310.0
1974-05-02,2290.0
1974-05-03,2310.0
1974-05-04,2350.0
1974-05-05,2300.0
1974-05-06,2300.0
1974-05-07,2260.0
1974-05-08,2230.0
1974-05-09,2200.0
1974-05-10,2200.0
1974-05-11,2190.0
1974-05-12,2190.0
1974-05-13,2180.0
1974-05-14,2210.0
1974-05-15,2260.0
1974-05-16,2310.0
1974-05-17,2390.0
1974-05-18,2480.0
1974-05-19,2590.0
1974-05-20,2670.0
1974-05-21,2700.0
1974-05-22,2730.0
1974-05-23,2760.0
1974-05-24,2800.0
1974-05-25,2820.0
1974-05-26,2860.0
1974-05-27,2920.0
1974-05-28,2910.0
1974-05-29,2900.0
1974-05-30,2760.0
1974-05-31,2730.0
1974-06-01,2710.0
1974-06-02,2650.0
1974-06-03,2650.0
1974-06-04,2730.0
1974-06-05,2920.0
1974-06-06,3120.0
1974-06-07,3250.0
1974-06-08,3510.0
1974-06-09,3790.0
1974-06-10,3960.0
1974-06-11,4620.0
1974-06-12,3930.0
1974-06-13,3740.0
1974-06-14,3560.0
1974-06-15,3420.0
1974-06-16,3340.0
1974-06-17,3340.0
1974-06-18,3340.0
1974-06-19,3420.0
1974-06-20,3580.0
1974-06-21,3760.0
1974-06-22,4020.0
1974-06-23,4460.0
1974-06-24,5180.0
1974-06-25,6040.0
1974-06-26,6610.0
1974-06-27,7240.0
1974-06-28,7840.0
1974-06-29,7900.0
1974-06-30,7790.0
1974-07-01,7900.0
1974-07-02,7790.0
1974-07-03,7910.0
1974-07-04,8560.0
1974-07-05,9540.0
1974-07-06,10700.0
1974-07-07,11600.0
1974-07-08,13000.0
1974-07-09,13200.0
1974-07-10,13400.0
1974-07-11,13400.0
1974-07-12,13200.0
1974-07-13,13100.0
1974-07-14,12500.0
1974-07-15,12500.0
1974-07-16,12600.0
1974-07-17,13300.0
1974-07-18,15000.0
1974-07-19,16700.0
1974-07-20,18200.0
1974-07-21,19800.0
1974-07-22,21100.0
1974-07-23,23000.0
1974-07-24,25200.0
1974-07-25,27200.0
1974-07-26,29300.0
1974-07-27,31100.0
1974-07-28,32900.0
1974-07-29,35700.0
1974-07-30,37300.0
1974-07-31,39800.0
1974-08-01,41600.0
1974-08-02,43200.0
1974-08-03,43900.0
1974-08-04,43900.0
1974-08-05,45100.0
1974-08-06,45900.0
1974-08-07,45900.0
1974-08-08,45900.0
1974-08-09,46700.0
1974-08-10,47600.0
1974-08-11,48300.0
1974-08-12,48400.0
1974-08-13,48400.0
1974-08-14,49000.0
1974-08-15,49800.0
1974-08-16,48600.0
1974-08-17,46900.0
1974-08-18,45000.0
1974-08-19,43800.0
1974-08-20,43000.0
1974-08-21,43800.0
1974-08-22,43000.0
1974-08-23,44300.0
1974-08-24,43000.0
1974-08-25,42300.0
1974-08-26,42100.0
1974-08-27,43000.0
1974-08-28,44200.0
1974-08-29,45800.0
1974-08-30,47300.0
1974-08-31,48700.0
1974-09-01,49200.0
1974-09-02,50700.0
1974-09-03,48400.0
1974-09-04,46400.0
1974-09-05,44100.0
1974-09-06,43200.0
1974-09-07,42300.0
1974-09-08,41100.0
1974-09-09,38700.0
1974-09-10,35900.0
1974-09-11,34100.0
1974-09-12,32600.0
1974-09-13,32100.0
1974-09-14,32600.0
1974-09-15,33300.0
1974-09-16,33300.0
1974-09-17,32100.0
1974-09-18,30200.0
1974-09-19,28500.0
1974-09-20,27400.0
1974-09-21,28100.0
1974-09-22,29000.0
1974-09-23,29100.0
1974-09-24,28400.0
1974-09-25,27500.0
1974-09-26,27200.0
1974-09-27,27200.0
1974-09-28,25200.0
1974-09-29,24300.0
1974-09-30,24400.0
1974-10-01,24800.0
1974-10-02,24600.0
1974-10-03,23800.0
1974-10-04,22500.0
1974-10-05,21800.0
1974-10-06,20900.0
1974-10-07,19700.0
1974-10-08,18500.0
1974-10-09,18600.0
1974-10-10,17400.0
1974-10-11,16300.0
1974-10-12,15800.0
1974-10-13,15500.0
1974-10-14,15000.0
1974-10-15,14100.0
1974-10-16,13600.0
1974-10-17,13400.0
1974-10-18,12800.0
1974-10-19,12200.0
1974-10-20,12000.0
1974-10-21,11800.0
1974-10-22,11400.0
1974-10-23,10700.0
1974-10-24,12100.0
1974-10-25,11600.0
1974-10-26,11300.0
1974-10-27,11500.0
1974-10-28,11200.0
1974-10-29,10700.0
1974-10-30,10400.0
1974-10-31,10400.0
1974-11-01,9960.0
1974-11-02,9680.0
1974-11-03,9480.0
1974-11-04,8930.0
1974-11-05,8560.0
1974-11-06,8680.0
1974-11-07,8430.0
1974-11-08,7900.0
1974-11-09,7470.0
1974-11-10,7120.0
1974-11-11,6980.0
1974-11-12,6980.0
1974-11-13,6940.0
1974-11-14,6830.0
1974-11-15,6300.0
1974-11-16,6170.0
1974-11-17,6130.0
1974-11-18,5830.0
1974-11-19,5870.0
1974-11-20,5830.0
1974-11-21,5400.0
1974-11-22,5260.0
1974-11-23,5870.0
1974-11-24,6000.0
1974-11-25,5470.0
1974-11-26,5150.0
1974-11-27,5330.0
1974-11-28,5110.0
1974-11-29,4840.0
1974-11-30,4750.0
1974-12-01,4310.0
1974-12-02,4460.0
1974-12-03,4810.0
1974-12-04,4810.0
1974-12-05,4810.0
1974-12-06,4790.0
1974-12-07,4130.0
1974-12-08,4130.0
1974-12-09,4080.0
1974-12-10,4080.0
1974-12-11,4050.0
1974-12-12,3960.0
1974-12-13,3910.0
1974-12-14,3990.0
1974-12-15,4530.0
1974-12-16,4680.0
1974-12-17,4280.0
1974-12-18,3850.0
1974-12-19,3250.0
1974-12-20,3060.0
1974-12-21,3980.0
1974-12-22,4190.0
1974-12-23,3930.0
1974-12-24,3630.0
1974-12-25,3560.0
1974-12-26,3340.0
1974-12-27,3200.0
1974-12-28,3120.0
1974-12-29,3040.0
1974-12-30,4080.0
1974-12-31,4080.0
1975-01-01,3800.0
1975-01-02,3200.0
1975-01-03,3070.0
1975-01-04,3000.0
1975-01-05,3190.0
1975-01-06,3150.0
1975-01-07,3280.0
1975-01-08,3220.0
1975-01-09,3020.0
1975-01-10,2980.0
1975-01-11,2930.0
1975-01-12,2820.0
1975-01-13,2750.0
1975-01-14,2510.0
1975-01-15,2150.0
1975-01-16,2050.0
1975-01-17,2110.0
1975-01-18,2220.0
1975-01-19,2450.0
1975-01-20,2710.0
1975-01-21,2820.0
1975-01-22,2740.0
1975-01-23,2680.0
1975-01-24,2580.0
1975-01-25,2120.0
1975-01-26,2260.0
1975-01-27,2440.0
1975-01-28,2450.0
1975-01-29,2620.0
1975-01-30,2600.0
1975-01-31,2460.0
1975-02-01,2530.0
1975-02-02,2470.0
1975-02-03,2620.0
1975-02-04,2490.0
1975-02-05,2510.0
1975-02-06,2430.0
1975-02-07,2230.0
1975-02-08,2470.0
1975-02-09,2530.0
1975-02-10,2420.0
1975-02-11,2690.0
1975-02-12,2540.0
1975-02-13,2270.0
1975-02-14,2180.0
1975-02-15,2300.0
1975-02-16,2350.0
1975-02-17,2320.0
1975-02-18,2240.0
1975-02-19,2210.0
1975-02-20,2210.0
1975-02-21,2210.0
1975-02-22,2240.0
1975-02-23,2180.0
1975-02-24,2200.0
1975-02-25,2420.0
1975-02-26,2210.0
1975-02-27,2150.0
1975-02-28,2040.0
1975-03-01,2050.0
1975-03-02,2050.0
1975-03-03,2050.0
1975-03-04,2030.0
1975-03-05,1950.0
1975-03-06,1890.0
1975-03-07,2000.0
1975-03-08,2150.0
1975-03-09,2110.0
1975-03-10,2070.0
1975-03-11,2020.0
1975-03-12,1890.0
1975-03-13,1860.0
1975-03-14,1990.0
1975-03-15,2100.0
1975-03-16,2100.0
1975-03-17,2010.0
1975-03-18,1950.0
1975-03-19,1910.0
1975-03-20,1880.0
1975-03-21,1830.0
1975-03-22,1800.0
1975-03-23,1810.0
1975-03-24,1870.0
1975-03-25,1920.0
1975-03-26,1950.0
1975-03-27,1910.0
1975-03-28,1840.0
1975-03-29,1810.0
1975-03-30,1770.0
1975-03-31,1770.0
1975-04-01,1660.0
1975-04-02,1730.0
1975-04-03,1810.0
1975-04-04,1860.0
1975-04-05,1830.0
1975-04-06,1830.0
1975-04-07,1850.0
1975-04-08,1960.0
1975-04-09,2070.0
1975-04-10,2110.0
1975-04-11,2070.0
1975-04-12,2000.0
1975-04-13,1960.0
1975-04-14,1950.0
1975-04-15,1960.0
1975-04-16,1960.0
1975-04-17,1990.0
1975-04-18,2090.0
1975-04-19,2180.0
1975-04-20,2180.0
1975-04-21,2030.0
1975-04-22,1930.0
1975-04-23,1830.0
1975-04-24,1770.0
1975-04-25,1800.0
1975-04-26,1660.0
1975-04-27,1600.0
1975-04-28,1560.0
1975-04-29,1560.0
1975-04-30,1600.0
1975-05-01,1600.0
1975-05-02,1560.0
1975-05-03,1490.0
1975-05-04,1610.0
1975-05-05,1430.0
1975-05-06,1470.0
1975-05-07,1540.0
1975-05-08,1540.0
1975-05-09,1520.0
1975-05-10,1520.0
1975-05-11,1540.0
1975-05-12,1560.0
1975-05-13,1560.0
1975-05-14,1520.0
1975-05-15,1520.0
1975-05-16,1550.0
1975-05-17,1640.0
1975-05-18,1750.0
1975-05-19,1800.0
1975-05-20,1760.0
1975-05-21,1770.0
1975-05-22,1790.0
1975-05-23,1940.0
1975-05-24,1980.0
1975-05-25,2050.0
1975-05-26,1990.0
1975-05-27,1940.0
1975-05-28,2010.0
1975-05-29,2100.0
1975-05-30,2060.0
1975-05-31,2000.0
1975-06-01,2000.0
1975-06-02,2020.0
1975-06-03,2020.0
1975-06-04,2010.0
1975-06-05,2050.0
1975-06-06,2120.0
1975-06-07,2060.0
1975-06-08,1950.0
1975-06-09,1850.0
1975-06-10,1810.0
1975-06-11,1800.0
1975-06-12,1840.0
1975-06-13,1880.0
1975-06-14,1940.0
1975-06-15,1930.0
1975-06-16,1880.0
1975-06-17,2430.0
1975-06-18,3280.0
1975-06-19,3650.0
1975-06-20,3540.0
1975-06-21,3450.0
1975-06-22,3620.0
1975-06-23,3820.0
1975-06-24,4330.0
1975-06-25,4920.0
1975-06-26,5770.0
1975-06-27,6990.0
1975-06-28,8010.0
1975-06-29,8910.0
1975-06-30,10100.0
1975-07-01,11700.0
1975-07-02,13000.0
1975-07-03,13900.0
1975-07-04,15100.0
1975-07-05,16900.0
1975-07-06,19500.0
1975-07-07,21300.0
1975-07-08,22800.0
1975-07-09,23900.0
1975-07-10,24600.0
1975-07-11,25100.0
1975-07-12,25600.0
1975-07-13,26400.0
1975-07-14,26700.0
1975-07-15,26600.0
1975-07-16,26700.0
1975-07-17,26400.0
1975-07-18,27200.0
1975-07-19,27600.0
1975-07-20,28500.0
1975-07-21,32500.0
1975-07-22,35500.0
1975-07-23,38500.0
1975-07-24,40800.0
1975-07-25,42200.0
1975-07-26,42800.0
1975-07-27,43700.0
1975-07-28,44800.0
1975-07-29,45500.0
1975-07-30,46400.0
1975-07-31,46500.0
1975-08-01,47000.0
1975-08-02,47500.0
1975-08-03,47500.0
1975-08-04,47100.0
1975-08-05,45900.0
1975-08-06,45100.0
1975-08-07,44700.0
1975-08-08,44300.0
1975-08-09,44100.0
1975-08-10,43800.0
1975-08-11,43600.0
1975-08-12,44200.0
1975-08-13,44300.0
1975-08-14,44300.0
1975-08-15,44300.0
1975-08-16,43700.0
1975-08-17,43000.0
1975-08-18,41000.0
1975-08-19,38300.0
1975-08-20,35700.0
1975-08-21,35200.0
1975-08-22,34800.0
1975-08-23,35300.0
1975-08-24,39100.0
1975-08-25,43300.0
1975-08-26,46500.0
1975-08-27,48600.0
1975-08-28,50100.0
1975-08-29,51000.0
1975-08-30,51100.0
1975-08-31,50800.0
1975-09-01,49400.0
1975-09-02,47100.0
1975-09-03,44100.0
1975-09-04,40500.0
1975-09-05,36800.0
1975-09-06,34900.0
1975-09-07,35800.0
1975-09-08,34200.0
1975-09-09,34400.0
1975-09-10,35200.0
1975-09-11,35700.0
1975-09-12,37100.0
1975-09-13,38500.0
1975-09-14,39900.0
1975-09-15,40800.0
1975-09-16,41100.0
1975-09-17,41800.0
1975-09-18,42500.0
1975-09-19,43700.0
1975-09-20,44600.0
1975-09-21,45100.0
1975-09-22,45600.0
1975-09-23,44900.0
1975-09-24,43400.0
1975-09-25,41100.0
1975-09-26,37500.0
1975-09-27,34700.0
1975-09-28,33000.0
1975-09-29,32300.0
1975-09-30,31200.0
1975-10-01,30200.0
1975-10-02,29500.0
1975-10-03,29000.0
1975-10-04,28100.0
1975-10-05,27300.0
1975-10-06,26100.0
1975-10-07,25700.0
1975-10-08,25400.0
1975-10-09,25000.0
1975-10-10,24500.0
1975-10-11,24500.0
1975-10-12,23900.0
1975-10-13,23300.0
1975-10-14,22900.0
1975-10-15,22200.0
1975-10-16,20500.0
1975-10-17,19200.0
1975-10-18,18700.0
1975-10-19,17400.0
1975-10-20,16900.0
1975-10-21,15800.0
1975-10-22,15300.0
1975-10-23,14600.0
1975-10-24,13500.0
1975-10-25,13200.0
1975-10-26,12600.0
1975-10-27,12200.0
1975-10-28,11600.0
1975-10-29,11000.0
1975-10-30,10700.0
1975-10-31,10500.0
1975-11-01,10100.0
1975-11-02,9620.0
1975-11-03,9310.0
1975-11-04,9200.0
1975-11-05,9000.0
1975-11-06,8910.0
1975-11-07,8630.0
1975-11-08,8570.0
1975-11-09,8410.0
1975-11-10,8010.0
1975-11-11,7750.0
1975-11-12,7560.0
1975-11-13,7240.0
1975-11-14,7100.0
1975-11-15,6820.0
1975-11-16,6590.0
1975-11-17,6570.0
1975-11-18,6450.0
1975-11-19,6170.0
1975-11-20,6000.0
1975-11-21,5830.0
1975-11-22,5660.0
1975-11-23,5460.0
1975-11-24,5320.0
1975-11-25,5120.0
1975-11-26,4980.0
1975-11-27,4840.0
1975-11-28,4780.0
1975-11-29,4730.0
1975-11-30,4610.0
1975-12-01,4270.0
1975-12-02,4190.0
1975-12-03,4220.0
1975-12-04,3990.0
1975-12-05,3960.0
1975-12-06,3960.0
1975-12-07,3820.0
1975-12-08,3880.0
1975-12-09,3850.0
1975-12-10,3760.0
1975-12-11,3740.0
1975-12-12,3680.0
1975-12-13,3650.0
1975-12-14,3620.0
1975-12-15,3570.0
1975-12-16,3480.0
1975-12-17,3400.0
1975-12-18,3370.0
1975-12-19,3280.0
1975-12-20,3200.0
1975-12-21,3170.0
1975-12-22,3110.0
1975-12-23,2970.0
1975-12-24,2890.0
1975-12-25,2830.0
1975-12-26,2790.0
1975-12-27,2690.0
1975-12-28,2630.0
1975-12-29,2590.0
1975-12-30,2540.0
1975-12-31,2460.0
1976-01-01,2410.0
1976-01-02,2370.0
1976-01-03,2320.0
1976-01-04,2270.0
1976-01-05,2180.0
1976-01-06,2150.0
1976-01-07,2130.0
1976-01-08,2090.0
1976-01-09,2040.0
1976-01-10,1990.0
1976-01-11,1960.0
1976-01-12,1950.0
1976-01-13,1940.0
1976-01-14,1900.0
1976-01-15,1860.0
1976-01-16,1840.0
1976-01-17,1830.0
1976-01-18,1800.0
1976-01-19,1770.0
1976-01-20,1760.0
1976-01-21,1730.0
1976-01-22,1680.0
1976-01-23,1640.0
1976-01-24,1630.0
1976-01-25,1610.0
1976-01-26,1590.0
1976-01-27,1590.0
1976-01-28,1580.0
1976-01-29,1520.0
1976-01-30,1580.0
1976-01-31,1630.0
1976-02-01,1650.0
1976-02-02,1610.0
1976-02-03,1580.0
1976-02-04,1560.0
1976-02-05,1560.0
1976-02-06,1550.0
1976-02-07,1540.0
1976-02-08,1550.0
1976-02-09,1540.0
1976-02-10,1510.0
1976-02-11,1470.0
1976-02-12,1420.0
1976-02-13,1460.0
1976-02-14,1460.0
1976-02-15,1460.0
1976-02-16,1480.0
1976-02-17,1520.0
1976-02-18,1540.0
1976-02-19,1590.0
1976-02-20,1570.0
1976-02-21,1500.0
1976-02-22,1420.0
1976-02-23,1400.0
1976-02-24,1360.0
1976-02-25,1310.0
1976-02-26,1290.0
1976-02-27,1270.0
1976-02-28,1260.0
1976-02-29,1190.0
1976-03-01,1130.0
1976-03-02,1080.0
1976-03-03,1020.0
1976-03-04,988.0
1976-03-05,988.0
1976-03-06,996.0
1976-03-07,979.0
1976-03-08,959.0
1976-03-09,945.0
1976-03-10,908.0
1976-03-11,883.0
1976-03-12,874.0
1976-03-13,857.0
1976-03-14,826.0
1976-03-15,809.0
1976-03-16,809.0
1976-03-17,792.0
1976-03-18,775.0
1976-03-19,761.0
1976-03-20,736.0
1976-03-21,727.0
1976-03-22,727.0
1976-03-23,719.0
1976-03-24,699.0
1976-03-25,702.0
1976-03-26,705.0
1976-03-27,688.0
1976-03-28,668.0
1976-03-29,657.0
1976-03-30,659.0
1976-03-31,679.0
1976-04-01,710.0
1976-04-02,696.0
1976-04-03,696.0
1976-04-04,710.0
1976-04-05,713.0
1976-04-06,696.0
1976-04-07,716.0
1976-04-08,744.0
1976-04-09,758.0
1976-04-10,747.0
1976-04-11,736.0
1976-04-12,722.0
1976-04-13,716.0
1976-04-14,710.0
1976-04-15,727.0
1976-04-16,727.0
1976-04-17,716.0
1976-04-18,710.0
1976-04-19,719.0
1976-04-20,741.0
1976-04-21,767.0
1976-04-22,775.0
1976-04-23,767.0
1976-04-24,747.0
1976-04-25,716.0
1976-04-26,705.0
1976-04-27,716.0
1976-04-28,727.0
1976-04-29,744.0
1976-04-30,767.0
1976-05-01,792.0
1976-05-02,809.0
1976-05-03,846.0
1976-05-04,911.0
1976-05-05,968.0
1976-05-06,1010.0
1976-05-07,1020.0
1976-05-08,1110.0
1976-05-09,1220.0
1976-05-10,1270.0
1976-05-11,1310.0
1976-05-12,1310.0
1976-05-13,1290.0
1976-05-14,1280.0
1976-05-15,1290.0
1976-05-16,1290.0
1976-05-17,1310.0
1976-05-18,1370.0
1976-05-19,1470.0
1976-05-20,1610.0
1976-05-21,1590.0
1976-05-22,1550.0
1976-05-23,1540.0
1976-05-24,1560.0
1976-05-25,1570.0
1976-05-26,1580.0
1976-05-27,1580.0
1976-05-28,1610.0
1976-05-29,1620.0
1976-05-30,1660.0
1976-05-31,1660.0
1976-06-01,1650.0
1976-06-02,1670.0
1976-06-03,1740.0
1976-06-04,1750.0
1976-06-05,1790.0
1976-06-06,1910.0
1976-06-07,2010.0
1976-06-08,2090.0
1976-06-09,2250.0
1976-06-10,2610.0
1976-06-11,2940.0
1976-06-12,3080.0
1976-06-13,3710.0
1976-06-14,4810.0
1976-06-15,5430.0
1976-06-16,5890.0
1976-06-17,6370.0
1976-06-18,7020.0
1976-06-19,6960.0
1976-06-20,7470.0
1976-06-21,7360.0
1976-06-22,6820.0
1976-06-23,6340.0
1976-06-24,5800.0
1976-06-25,5410.0
1976-06-26,5120.0
1976-06-27,5240.0
1976-06-28,5630.0
1976-06-29,5720.0
1976-06-30,5800.0
1976-07-01,6170.0
1976-07-02,6910.0
1976-07-03,8070.0
1976-07-04,9480.0
1976-07-05,11100.0
1976-07-06,12200.0
1976-07-07,12800.0
1976-07-08,12700.0
1976-07-09,12600.0
1976-07-10,12300.0
1976-07-11,12200.0
1976-07-12,12800.0
1976-07-13,13500.0
1976-07-14,13900.0
1976-07-15,14100.0
1976-07-16,14300.0
1976-07-17,14700.0
1976-07-18,15100.0
1976-07-19,16300.0
1976-07-20,18500.0
1976-07-21,19300.0
1976-07-22,19200.0
1976-07-23,19500.0
1976-07-24,19500.0
1976-07-25,19500.0
1976-07-26,19200.0
1976-07-27,19200.0
1976-07-28,19500.0
1976-07-29,19400.0
1976-07-30,19100.0
1976-07-31,19100.0
1976-08-01,19300.0
1976-08-02,20200.0
1976-08-03,21400.0
1976-08-04,23200.0
1976-08-05,24400.0
1976-08-06,24800.0
1976-08-07,25400.0
1976-08-08,25100.0
1976-08-09,24600.0
1976-08-10,24600.0
1976-08-11,24900.0
1976-08-12,26600.0
1976-08-13,30000.0
1976-08-14,32200.0
1976-08-15,33500.0
1976-08-16,34400.0
1976-08-17,36000.0
1976-08-18,36600.0
1976-08-19,37100.0
1976-08-20,38200.0
1976-08-21,39500.0
1976-08-22,41300.0
1976-08-23,42400.0
1976-08-24,43700.0
1976-08-25,45500.0
1976-08-26,47500.0
1976-08-27,49100.0
1976-08-28,50000.0
1976-08-29,50000.0
1976-08-30,50000.0
1976-08-31,49800.0
1976-09-01,49100.0
1976-09-02,47200.0
1976-09-03,45800.0
1976-09-04,42400.0
1976-09-05,39300.0
1976-09-06,38000.0
1976-09-07,36700.0
1976-09-08,35700.0
1976-09-09,35500.0
1976-09-10,35300.0
1976-09-11,35500.0
1976-09-12,35300.0
1976-09-13,35300.0
1976-09-14,36000.0
1976-09-15,37000.0
1976-09-16,39900.0
1976-09-17,44300.0
1976-09-18,48400.0
1976-09-19,52800.0
1976-09-20,54800.0
1976-09-21,57400.0
1976-09-22,61500.0
1976-09-23,65100.0
1976-09-24,65400.0
1976-09-25,63200.0
1976-09-26,58600.0
1976-09-27,50300.0
1976-09-28,41300.0
1976-09-29,35000.0
1976-09-30,30800.0
1976-10-01,27100.0
1976-10-02,24700.0
1976-10-03,23300.0
1976-10-04,22600.0
1976-10-05,20300.0
1976-10-06,19800.0
1976-10-07,18500.0
1976-10-08,17300.0
1976-10-09,16300.0
1976-10-10,15500.0
1976-10-11,14400.0
1976-10-12,13800.0
1976-10-13,13300.0
1976-10-14,12800.0
1976-10-15,12100.0
1976-10-16,11300.0
1976-10-17,10700.0
1976-10-18,10100.0
1976-10-19,9740.0
1976-10-20,9280.0
1976-10-21,8860.0
1976-10-22,8490.0
1976-10-23,8120.0
1976-10-24,7840.0
1976-10-25,7580.0
1976-10-26,7390.0
1976-10-27,7130.0
1976-10-28,6930.0
1976-10-29,6760.0
1976-10-30,6570.0
1976-10-31,6480.0
1976-11-01,6340.0
1976-11-02,6110.0
1976-11-03,6000.0
1976-11-04,5830.0
1976-11-05,5690.0
1976-11-06,5580.0
1976-11-07,5430.0
1976-11-08,5290.0
1976-11-09,5120.0
1976-11-10,5040.0
1976-11-11,4920.0
1976-11-12,4810.0
1976-11-13,4670.0
1976-11-14,4610.0
1976-11-15,4500.0
1976-11-16,4440.0
1976-11-17,4360.0
1976-11-18,4270.0
1976-11-19,4160.0
1976-11-20,3960.0
1976-11-21,3960.0
1976-11-22,3790.0
1976-11-23,3760.0
1976-11-24,3740.0
1976-11-25,3650.0
1976-11-26,3570.0
1976-11-27,3510.0
1976-11-28,3370.0
1976-11-29,3200.0
1976-11-30,3280.0
1976-12-01,3170.0
1976-12-02,3060.0
1976-12-03,3030.0
1976-12-04,2910.0
1976-12-05,2820.0
1976-12-06,2770.0
1976-12-07,2760.0
1976-12-08,2680.0
1976-12-09,2610.0
1976-12-10,2530.0
1976-12-11,2570.0
1976-12-12,2560.0
1976-12-13,2500.0
1976-12-14,2500.0
1976-12-15,2560.0
1976-12-16,2560.0
1976-12-17,2520.0
1976-12-18,2480.0
1976-12-19,2420.0
1976-12-20,2300.0
1976-12-21,2280.0
1976-12-22,2250.0
1976-12-23,2210.0
1976-12-24,2130.0
1976-12-25,2050.0
1976-12-26,1960.0
1976-12-27,1890.0
1976-12-28,1870.0
1976-12-29,1890.0
1976-12-30,1860.0
1976-12-31,1800.0
1977-01-01,1750.0
1977-01-02,1710.0
1977-01-03,1660.0
1977-01-04,1620.0
1977-01-05,1560.0
1977-01-06,1510.0
1977-01-07,1470.0
1977-01-08,1460.0
1977-01-09,1460.0
1977-01-10,1440.0
1977-01-11,1400.0
1977-01-12,1410.0
1977-01-13,1430.0
1977-01-14,1430.0
1977-01-15,1420.0
1977-01-16,1410.0
1977-01-17,1400.0
1977-01-18,1400.0
1977-01-19,1390.0
1977-01-20,1370.0
1977-01-21,1340.0
1977-01-22,1340.0
1977-01-23,1330.0
1977-01-24,1320.0
1977-01-25,1310.0
1977-01-26,1300.0
1977-01-27,1290.0
1977-01-28,1280.0
1977-01-29,1300.0
1977-01-30,1320.0
1977-01-31,1310.0
1977-02-01,1250.0
1977-02-02,1220.0
1977-02-03,1220.0
1977-02-04,1230.0
1977-02-05,1210.0
1977-02-06,1170.0
1977-02-07,1160.0
1977-02-08,1150.0
1977-02-09,1140.0
1977-02-10,1120.0
1977-02-11,1080.0
1977-02-12,1070.0
1977-02-13,1110.0
1977-02-14,1100.0
1977-02-15,1080.0
1977-02-16,1060.0
1977-02-17,1050.0
1977-02-18,1050.0
1977-02-19,1040.0
1977-02-20,1040.0
1977-02-21,1020.0
1977-02-22,1020.0
1977-02-23,1040.0
1977-02-24,1030.0
1977-02-25,1050.0
1977-02-26,1040.0
1977-02-27,1030.0
1977-02-28,1020.0
1977-03-01,988.0
1977-03-02,980.0
1977-03-03,948.0
1977-03-04,974.0
1977-03-05,974.0
1977-03-06,965.0
1977-03-07,925.0
1977-03-08,906.0
1977-03-09,900.0
1977-03-10,908.0
1977-03-11,917.0
1977-03-12,908.0
1977-03-13,891.0
1977-03-14,880.0
1977-03-15,883.0
1977-03-16,883.0
1977-03-17,883.0
1977-03-18,872.0
1977-03-19,866.0
1977-03-20,857.0
1977-03-21,872.0
1977-03-22,900.0
1977-03-23,914.0
1977-03-24,931.0
1977-03-25,925.0
1977-03-26,908.0
1977-03-27,914.0
1977-03-28,914.0
1977-03-29,897.0
1977-03-30,897.0
1977-03-31,906.0
1977-04-01,897.0
1977-04-02,897.0
1977-04-03,889.0
1977-04-04,894.0
1977-04-05,894.0
1977-04-06,894.0
1977-04-07,894.0
1977-04-08,920.0
1977-04-09,928.0
1977-04-10,920.0
1977-04-11,914.0
1977-04-12,931.0
1977-04-13,948.0
1977-04-14,990.0
1977-04-15,1030.0
1977-04-16,1040.0
1977-04-17,1020.0
1977-04-18,1020.0
1977-04-19,1040.0
1977-04-20,1010.0
1977-04-21,996.0
1977-04-22,996.0
1977-04-23,1020.0
1977-04-24,1020.0
1977-04-25,1010.0
1977-04-26,1010.0
1977-04-27,996.0
1977-04-28,996.0
1977-04-29,1010.0
1977-04-30,990.0
1977-05-01,979.0
1977-05-02,1000.0
1977-05-03,1030.0
1977-05-04,1070.0
1977-05-05,1130.0
1977-05-06,1230.0
1977-05-07,1270.0
1977-05-08,1280.0
1977-05-09,1290.0
1977-05-10,1280.0
1977-05-11,1230.0
1977-05-12,1190.0
1977-05-13,1180.0
1977-05-14,1180.0
1977-05-15,1130.0
1977-05-16,1080.0
1977-05-17,1030.0
1977-05-18,1050.0
1977-05-19,1060.0
1977-05-20,1090.0
1977-05-21,1090.0
1977-05-22,1090.0
1977-05-23,1120.0
1977-05-24,1170.0
1977-05-25,1180.0
1977-05-26,1200.0
1977-05-27,1270.0
1977-05-28,1360.0
1977-05-29,1330.0
1977-05-30,1280.0
1977-05-31,1320.0
1977-06-01,1360.0
1977-06-02,1430.0
1977-06-03,1540.0
1977-06-04,1700.0
1977-06-05,1940.0
1977-06-06,2020.0
1977-06-07,2040.0
1977-06-08,2110.0
1977-06-09,2140.0
1977-06-10,2150.0
1977-06-11,2180.0
1977-06-12,2210.0
1977-06-13,2200.0
1977-06-14,2150.0
1977-06-15,2170.0
1977-06-16,2350.0
1977-06-17,2520.0
1977-06-18,2670.0
1977-06-19,2770.0
1977-06-20,2810.0
1977-06-21,2910.0
1977-06-22,2940.0
1977-06-23,3110.0
1977-06-24,3080.0
1977-06-25,3170.0
1977-06-26,3280.0
1977-06-27,3510.0
1977-06-28,3450.0
1977-06-29,3370.0
1977-06-30,3230.0
1977-07-01,3250.0
1977-07-02,3370.0
1977-07-03,3740.0
1977-07-04,4500.0
1977-07-05,6620.0
1977-07-06,8240.0
1977-07-07,9140.0
1977-07-08,9880.0
1977-07-09,10600.0
1977-07-10,11200.0
1977-07-11,12100.0
1977-07-12,13500.0
1977-07-13,17200.0
1977-07-14,20200.0
1977-07-15,23000.0
1977-07-16,25800.0
1977-07-17,28100.0
1977-07-18,29900.0
1977-07-19,31200.0
1977-07-20,32100.0
1977-07-21,32800.0
1977-07-22,32900.0
1977-07-23,32800.0
1977-07-24,32700.0
1977-07-25,32800.0
1977-07-26,32400.0
1977-07-27,31800.0
1977-07-28,31400.0
1977-07-29,31600.0
1977-07-30,32000.0
1977-07-31,32900.0
1977-08-01,34200.0
1977-08-02,38000.0
1977-08-03,41700.0
1977-08-04,44200.0
1977-08-05,46000.0
1977-08-06,47200.0
1977-08-07,46900.0
1977-08-08,46200.0
1977-08-09,46000.0
1977-08-10,46200.0
1977-08-11,47600.0
1977-08-12,48900.0
1977-08-13,49100.0
1977-08-14,51100.0
1977-08-15,51100.0
1977-08-16,50400.0
1977-08-17,50400.0
1977-08-18,49900.0
1977-08-19,48900.0
1977-08-20,47700.0
1977-08-21,46400.0
1977-08-22,43400.0
1977-08-23,40300.0
1977-08-24,37700.0
1977-08-25,35400.0
1977-08-26,33800.0
1977-08-27,32700.0
1977-08-28,31800.0
1977-08-29,32300.0
1977-08-30,33100.0
1977-08-31,35500.0
1977-09-01,37500.0
1977-09-02,39100.0
1977-09-03,40600.0
1977-09-04,41900.0
1977-09-05,42300.0
1977-09-06,42700.0
1977-09-07,42500.0
1977-09-08,41900.0
1977-09-09,40300.0
1977-09-10,38400.0
1977-09-11,35500.0
1977-09-12,34000.0
1977-09-13,32500.0
1977-09-14,32100.0
1977-09-15,31400.0
1977-09-16,30900.0
1977-09-17,29500.0
1977-09-18,28000.0
1977-09-19,28100.0
1977-09-20,28200.0
1977-09-21,29200.0
1977-09-22,31600.0
1977-09-23,34600.0
1977-09-24,36200.0
1977-09-25,34300.0
1977-09-26,31400.0
1977-09-27,27300.0
1977-09-28,24500.0
1977-09-29,22600.0
1977-09-30,21700.0
1977-10-01,20500.0
1977-10-02,19600.0
1977-10-03,19300.0
1977-10-04,20100.0
1977-10-05,21300.0
1977-10-06,21900.0
1977-10-07,22400.0
1977-10-08,23300.0
1977-10-09,25100.0
1977-10-10,26400.0
1977-10-11,26700.0
1977-10-12,25500.0
1977-10-13,23400.0
1977-10-14,21800.0
1977-10-15,20200.0
1977-10-16,19000.0
1977-10-17,17800.0
1977-10-18,16600.0
1977-10-19,15300.0
1977-10-20,14000.0
1977-10-21,13200.0
1977-10-22,12700.0
1977-10-23,12200.0
1977-10-24,11500.0
1977-10-25,11000.0
1977-10-26,10400.0
1977-10-27,9820.0
1977-10-28,9340.0
1977-10-29,9000.0
1977-10-30,8770.0
1977-10-31,8430.0
1977-11-01,8120.0
1977-11-02,7840.0
1977-11-03,7560.0
1977-11-04,7270.0
1977-11-05,6990.0
1977-11-06,6760.0
1977-11-07,6740.0
1977-11-08,6680.0
1977-11-09,6710.0
1977-11-10,6570.0
1977-11-11,6540.0
1977-11-12,6450.0
1977-11-13,6230.0
1977-11-14,6080.0
1977-11-15,5830.0
1977-11-16,5720.0
1977-11-17,5600.0
1977-11-18,5460.0
1977-11-19,5260.0
1977-11-20,5040.0
1977-11-21,4920.0
1977-11-22,4810.0
1977-11-23,4670.0
1977-11-24,4610.0
1977-11-25,4560.0
1977-11-26,4530.0
1977-11-27,4470.0
1977-11-28,4360.0
1977-11-29,4270.0
1977-11-30,4190.0
1977-12-01,4100.0
1977-12-02,4050.0
1977-12-03,3990.0
1977-12-04,4080.0
1977-12-05,4020.0
1977-12-06,3930.0
1977-12-07,3850.0
1977-12-08,3820.0
1977-12-09,3680.0
1977-12-10,3590.0
1977-12-11,3480.0
1977-12-12,3420.0
1977-12-13,3400.0
1977-12-14,3370.0
1977-12-15,3370.0
1977-12-16,3340.0
1977-12-17,3310.0
1977-12-18,3310.0
1977-12-19,3280.0
1977-12-20,3280.0
1977-12-21,3230.0
1977-12-22,3110.0
1977-12-23,3000.0
1977-12-24,3000.0
1977-12-25,2970.0
1977-12-26,2890.0
1977-12-27,2810.0
1977-12-28,2800.0
1977-12-29,2800.0
1977-12-30,2760.0
1977-12-31,2710.0
1978-01-01,2730.0
1978-01-02,2720.0
1978-01-03,2720.0
1978-01-04,2670.0
1978-01-05,2570.0
1978-01-06,2500.0
1978-01-07,2470.0
1978-01-08,2500.0
1978-01-09,2510.0
1978-01-10,2530.0
1978-01-11,2540.0
1978-01-12,2490.0
1978-01-13,2420.0
1978-01-14,2420.0
1978-01-15,2410.0
1978-01-16,2350.0
1978-01-17,2320.0
1978-01-18,2260.0
1978-01-19,2220.0
1978-01-20,2170.0
1978-01-21,2110.0
1978-01-22,2050.0
1978-01-23,2010.0
1978-01-24,1950.0
1978-01-25,1910.0
1978-01-26,1890.0
1978-01-27,1870.0
1978-01-28,1850.0
1978-01-29,1840.0
1978-01-30,1860.0
1978-01-31,1860.0
1978-02-01,1860.0
1978-02-02,1870.0
1978-02-03,1840.0
1978-02-04,1810.0
1978-02-05,1780.0
1978-02-06,1750.0
1978-02-07,1740.0
1978-02-08,1730.0
1978-02-09,1740.0
1978-02-10,1730.0
1978-02-11,1710.0
1978-02-12,1690.0
1978-02-13,1670.0
1978-02-14,1660.0
1978-02-15,1690.0
1978-02-16,1690.0
1978-02-17,1660.0
1978-02-18,1650.0
1978-02-19,1650.0
1978-02-20,1660.0
1978-02-21,1670.0
1978-02-22,1650.0
1978-02-23,1630.0
1978-02-24,1640.0
1978-02-25,1720.0
1978-02-26,2000.0
1978-02-27,2210.0
1978-02-28,2230.0
1978-03-01,2170.0
1978-03-02,2090.0
1978-03-03,2050.0
1978-03-04,1960.0
1978-03-05,1850.0
1978-03-06,1770.0
1978-03-07,1700.0
1978-03-08,1680.0
1978-03-09,1640.0
1978-03-10,1590.0
1978-03-11,1570.0
1978-03-12,1560.0
1978-03-13,1500.0
1978-03-14,1440.0
1978-03-15,1430.0
1978-03-16,1430.0
1978-03-17,1420.0
1978-03-18,1410.0
1978-03-19,1460.0
1978-03-20,1480.0
1978-03-21,1420.0
1978-03-22,1330.0
1978-03-23,1340.0
1978-03-24,1340.0
1978-03-25,1310.0
1978-03-26,1310.0
1978-03-27,1320.0
1978-03-28,1340.0
1978-03-29,1360.0
1978-03-30,1390.0
1978-03-31,1400.0
1978-04-01,1520.0
1978-04-02,1600.0
1978-04-03,1660.0
1978-04-04,1640.0
1978-04-05,1620.0
1978-04-06,1620.0
1978-04-07,1600.0
1978-04-08,1570.0
1978-04-09,1580.0
1978-04-10,1600.0
1978-04-11,1620.0
1978-04-12,1660.0
1978-04-13,1730.0
1978-04-14,1760.0
1978-04-15,1730.0
1978-04-16,1760.0
1978-04-17,1790.0
1978-04-18,1810.0
1978-04-19,1850.0
1978-04-20,1800.0
1978-04-21,1790.0
1978-04-22,1750.0
1978-04-23,1760.0
1978-04-24,1840.0
1978-04-25,1870.0
1978-04-26,1880.0
1978-04-27,1870.0
1978-04-28,1860.0
1978-04-29,1850.0
1978-04-30,1870.0
1978-05-01,1900.0
1978-05-02,1940.0
1978-05-03,1950.0
1978-05-04,1940.0
1978-05-05,1970.0
1978-05-06,2030.0
1978-05-07,2080.0
1978-05-08,2110.0
1978-05-09,2090.0
1978-05-10,2090.0
1978-05-11,2130.0
1978-05-12,2130.0
1978-05-13,2070.0
1978-05-14,2050.0
1978-05-15,2110.0
1978-05-16,2180.0
1978-05-17,2190.0
1978-05-18,2160.0
1978-05-19,2230.0
1978-05-20,2340.0
1978-05-21,2430.0
1978-05-22,2660.0
1978-05-23,2790.0
1978-05-24,2890.0
1978-05-25,2970.0
1978-05-26,3110.0
1978-05-27,3250.0
1978-05-28,3250.0
1978-05-29,3230.0
1978-05-30,3200.0
1978-05-31,3400.0
1978-06-01,3450.0
1978-06-02,3480.0
1978-06-03,3420.0
1978-06-04,3370.0
1978-06-05,3450.0
1978-06-06,3450.0
1978-06-07,3400.0
1978-06-08,3400.0
1978-06-09,3310.0
1978-06-10,3420.0
1978-06-11,3510.0
1978-06-12,3960.0
1978-06-13,4640.0
1978-06-14,5210.0
1978-06-15,5580.0
1978-06-16,5940.0
1978-06-17,5970.0
1978-06-18,6110.0
1978-06-19,6170.0
1978-06-20,6340.0
1978-06-21,6570.0
1978-06-22,7240.0
1978-06-23,7640.0
1978-06-24,7580.0
1978-06-25,8380.0
1978-06-26,9540.0
1978-06-27,9790.0
1978-06-28,10000.0
1978-06-29,10800.0
1978-06-30,12500.0
1978-07-01,14700.0
1978-07-02,16700.0
1978-07-03,17800.0
1978-07-04,18300.0
1978-07-05,18700.0
1978-07-06,19400.0
1978-07-07,20100.0
1978-07-08,20600.0
1978-07-09,20100.0
1978-07-10,21100.0
1978-07-11,21800.0
1978-07-12,23200.0
1978-07-13,24000.0
1978-07-14,24500.0
1978-07-15,24800.0
1978-07-16,25000.0
1978-07-17,25500.0
1978-07-18,26700.0
1978-07-19,27500.0
1978-07-20,29100.0
1978-07-21,31400.0
1978-07-22,33300.0
1978-07-23,35000.0
1978-07-24,35500.0
1978-07-25,34900.0
1978-07-26,34500.0
1978-07-27,34500.0
1978-07-28,34500.0
1978-07-29,34800.0
1978-07-30,34900.0
1978-07-31,34900.0
1978-08-01,35700.0
1978-08-02,36400.0
1978-08-03,37100.0
1978-08-04,38700.0
1978-08-05,40100.0
1978-08-06,41900.0
1978-08-07,43200.0
1978-08-08,45400.0
1978-08-09,46700.0
1978-08-10,48800.0
1978-08-11,49800.0
1978-08-12,51100.0
1978-08-13,52400.0
1978-08-14,54600.0
1978-08-15,56800.0
1978-08-16,57600.0
1978-08-17,58100.0
1978-08-18,60800.0
1978-08-19,63800.0
1978-08-20,65800.0
1978-08-21,67900.0
1978-08-22,65500.0
1978-08-23,66500.0
1978-08-24,64000.0
1978-08-25,62200.0
1978-08-26,60300.0
1978-08-27,56800.0
1978-08-28,52800.0
1978-08-29,49000.0
1978-08-30,47100.0
1978-08-31,46100.0
1978-09-01,45400.0
1978-09-02,44700.0
1978-09-03,42800.0
1978-09-04,41100.0
1978-09-05,39000.0
1978-09-06,37600.0
1978-09-07,38700.0
1978-09-08,39900.0
1978-09-09,42000.0
1978-09-10,44700.0
1978-09-11,46700.0
1978-09-12,49000.0
1978-09-13,51700.0
1978-09-14,55700.0
1978-09-15,58100.0
1978-09-16,59700.0
1978-09-17,59700.0
1978-09-18,58600.0
1978-09-19,54900.0
1978-09-20,46900.0
1978-09-21,44200.0
1978-09-22,38700.0
1978-09-23,35400.0
1978-09-24,33500.0
1978-09-25,32200.0
1978-09-26,31300.0
1978-09-27,33800.0
1978-09-28,37400.0
1978-09-29,38500.0
1978-09-30,38300.0
1978-10-01,36400.0
1978-10-02,33900.0
1978-10-03,30700.0
1978-10-04,28700.0
1978-10-05,26700.0
1978-10-06,27000.0
1978-10-07,28100.0
1978-10-08,29100.0
1978-10-09,28700.0
1978-10-10,28300.0
1978-10-11,26900.0
1978-10-12,25000.0
1978-10-13,23500.0
1978-10-14,21700.0
1978-10-15,20300.0
1978-10-16,19200.0
1978-10-17,18200.0
1978-10-18,17300.0
1978-10-19,16600.0
1978-10-20,16000.0
1978-10-21,15300.0
1978-10-22,14500.0
1978-10-23,13600.0
1978-10-24,13100.0
1978-10-25,12500.0
1978-10-26,12100.0
1978-10-27,11600.0
1978-10-28,11000.0
1978-10-29,10500.0
1978-10-30,9900.0
1978-10-31,9900.0
1978-11-01,9450.0
1978-11-02,9140.0
1978-11-03,8860.0
1978-11-04,8690.0
1978-11-05,8550.0
1978-11-06,8320.0
1978-11-07,7950.0
1978-11-08,7810.0
1978-11-09,7470.0
1978-11-10,7390.0
1978-11-11,7240.0
1978-11-12,7080.0
1978-11-13,6820.0
1978-11-14,6650.0
1978-11-15,6570.0
1978-11-16,6400.0
1978-11-17,6230.0
1978-11-18,6140.0
1978-11-19,6030.0
1978-11-20,5890.0
1978-11-21,5740.0
1978-11-22,5540.0
1978-11-23,5410.0
1978-11-24,5260.0
1978-11-25,5120.0
1978-11-26,5010.0
1978-11-27,4870.0
1978-11-28,4730.0
1978-11-29,4640.0
1978-11-30,4470.0
1978-12-01,4360.0
1978-12-02,4300.0
1978-12-03,4130.0
1978-12-04,3990.0
1978-12-05,3960.0
1978-12-06,3930.0
1978-12-07,3850.0
1978-12-08,3790.0
1978-12-09,3790.0
1978-12-10,3760.0
1978-12-11,3710.0
1978-12-12,3650.0
1978-12-13,3570.0
1978-12-14,3540.0
1978-12-15,3510.0
1978-12-16,3540.0
1978-12-17,3620.0
1978-12-18,3540.0
1978-12-19,3370.0
1978-12-20,3280.0
1978-12-21,3190.0
1978-12-22,3140.0
1978-12-23,3060.0
1978-12-24,3000.0
1978-12-25,2940.0
1978-12-26,2940.0
1978-12-27,2940.0
1978-12-28,2860.0
1978-12-29,2780.0
1978-12-30,2740.0
1978-12-31,2690.0
1979-01-01,2610.0
1979-01-02,2550.0
1979-01-03,2460.0
1979-01-04,2370.0
1979-01-05,2310.0
1979-01-06,2290.0
1979-01-07,2270.0
1979-01-08,2210.0
1979-01-09,2050.0
1979-01-10,1940.0
1979-01-11,1880.0
1979-01-12,1870.0
1979-01-13,1850.0
1979-01-14,1810.0
1979-01-15,1750.0
1979-01-16,1740.0
1979-01-17,1710.0
1979-01-18,1710.0
1979-01-19,1680.0
1979-01-20,1680.0
1979-01-21,1680.0
1979-01-22,1710.0
1979-01-23,1660.0
1979-01-24,1620.0
1979-01-25,1610.0
1979-01-26,1600.0
1979-01-27,1560.0
1979-01-28,1540.0
1979-01-29,1520.0
1979-01-30,1550.0
1979-01-31,1600.0
1979-02-01,1650.0
1979-02-02,1640.0
1979-02-03,1610.0
1979-02-04,1620.0
1979-02-05,1640.0
1979-02-06,1640.0
1979-02-07,1650.0
1979-02-08,1660.0
1979-02-09,1680.0
1979-02-10,1740.0
1979-02-11,1780.0
1979-02-12,1740.0
1979-02-13,1740.0
1979-02-14,1800.0
1979-02-15,1840.0
1979-02-16,1850.0
1979-02-17,1870.0
1979-02-18,1870.0
1979-02-19,1870.0
1979-02-20,1850.0
1979-02-21,1820.0
1979-02-22,1810.0
1979-02-23,1810.0
1979-02-24,1770.0
1979-02-25,1710.0
1979-02-26,1660.0
1979-02-27,1610.0
1979-02-28,1550.0
1979-03-01,1510.0
1979-03-02,1470.0
1979-03-03,1450.0
1979-03-04,1440.0
1979-03-05,1450.0
1979-03-06,1480.0
1979-03-07,1510.0
1979-03-08,1500.0
1979-03-09,1480.0
1979-03-10,1520.0
1979-03-11,1600.0
1979-03-12,1620.0
1979-03-13,1530.0
1979-03-14,1510.0
1979-03-15,1530.0
1979-03-16,1510.0
1979-03-17,1460.0
1979-03-18,1420.0
1979-03-19,1410.0
1979-03-20,1400.0
1979-03-21,1390.0
1979-03-22,1340.0
1979-03-23,1300.0
1979-03-24,1280.0
1979-03-25,1270.0
1979-03-26,1260.0
1979-03-27,1250.0
1979-03-28,1240.0
1979-03-29,1230.0
1979-03-30,1230.0
1979-03-31,1210.0
1979-04-01,1180.0
1979-04-02,1190.0
1979-04-03,1180.0
1979-04-04,1190.0
1979-04-05,1190.0
1979-04-06,1180.0
1979-04-07,1180.0
1979-04-08,1160.0
1979-04-09,1160.0
1979-04-10,1160.0
1979-04-11,1150.0
1979-04-12,1140.0
1979-04-13,1210.0
1979-04-14,1290.0
1979-04-15,1340.0
1979-04-16,1320.0
1979-04-17,1280.0
1979-04-18,1270.0
1979-04-19,1320.0
1979-04-20,1360.0
1979-04-21,1340.0
1979-04-22,1330.0
1979-04-23,1360.0
1979-04-24,1420.0
1979-04-25,1400.0
1979-04-26,1330.0
1979-04-27,1320.0
1979-04-28,1340.0
1979-04-29,1380.0
1979-04-30,1390.0
1979-05-01,1370.0
1979-05-02,1400.0
1979-05-03,1460.0
1979-05-04,1450.0
1979-05-05,1430.0
1979-05-06,1420.0
1979-05-07,1410.0
1979-05-08,1390.0
1979-05-09,1340.0
1979-05-10,1300.0
1979-05-11,1300.0
1979-05-12,1340.0
1979-05-13,1370.0
1979-05-14,1360.0
1979-05-15,1340.0
1979-05-16,1360.0
1979-05-17,1370.0
1979-05-18,1360.0
1979-05-19,1410.0
1979-05-20,1460.0
1979-05-21,1450.0
1979-05-22,1440.0
1979-05-23,1500.0
1979-05-24,1570.0
1979-05-25,1580.0
1979-05-26,1660.0
1979-05-27,1780.0
1979-05-28,1950.0
1979-05-29,2030.0
1979-05-30,2010.0
1979-05-31,1920.0
1979-06-01,1840.0
1979-06-02,1740.0
1979-06-03,1660.0
1979-06-04,1570.0
1979-06-05,1460.0
1979-06-06,1340.0
1979-06-07,1250.0
1979-06-08,1130.0
1979-06-09,1040.0
1979-06-10,1170.0
1979-06-11,1160.0
1979-06-12,1090.0
1979-06-13,1100.0
1979-06-14,1130.0
1979-06-15,1170.0
1979-06-16,1170.0
1979-06-17,1130.0
1979-06-18,1090.0
1979-06-19,1100.0
1979-06-20,1180.0
1979-06-21,1360.0
1979-06-22,1520.0
1979-06-23,1570.0
1979-06-24,1670.0
1979-06-25,1780.0
1979-06-26,1980.0
1979-06-27,2120.0
1979-06-28,2200.0
1979-06-29,2340.0
1979-06-30,2410.0
1979-07-01,2620.0
1979-07-02,3250.0
1979-07-03,3790.0
1979-07-04,4870.0
1979-07-05,6000.0
1979-07-06,6960.0
1979-07-07,7870.0
1979-07-08,8770.0
1979-07-09,9200.0
1979-07-10,9200.0
1979-07-11,8770.0
1979-07-12,8320.0
1979-07-13,7900.0
1979-07-14,7980.0
1979-07-15,8200.0
1979-07-16,8800.0
1979-07-17,9620.0
1979-07-18,10300.0
1979-07-19,11500.0
1979-07-20,12100.0
1979-07-21,13800.0
1979-07-22,16000.0
1979-07-23,19700.0
1979-07-24,22700.0
1979-07-25,25400.0
1979-07-26,27100.0
1979-07-27,28700.0
1979-07-28,30800.0
1979-07-29,32500.0
1979-07-30,34000.0
1979-07-31,35300.0
1979-08-01,36400.0
1979-08-02,36900.0
1979-08-03,36900.0
1979-08-04,35400.0
1979-08-05,33500.0
1979-08-06,31800.0
1979-08-07,30900.0
1979-08-08,29900.0
1979-08-09,27500.0
1979-08-10,25600.0
1979-08-11,23700.0
1979-08-12,22300.0
1979-08-13,22500.0
1979-08-14,23300.0
1979-08-15,24700.0
1979-08-16,26600.0
1979-08-17,26800.0
1979-08-18,28900.0
1979-08-19,30100.0
1979-08-20,29900.0
1979-08-21,29400.0
1979-08-22,29900.0
1979-08-23,31100.0
1979-08-24,31900.0
1979-08-25,32600.0
1979-08-26,33000.0
1979-08-27,32300.0
1979-08-28,31000.0
1979-08-29,28000.0
1979-08-30,25900.0
1979-08-31,24200.0
1979-09-01,22500.0
1979-09-02,21600.0
1979-09-03,20700.0
1979-09-04,19700.0
1979-09-05,18700.0
1979-09-06,18700.0
1979-09-07,18700.0
1979-09-08,19200.0
1979-09-09,19800.0
1979-09-10,20200.0
1979-09-11,20100.0
1979-09-12,19000.0
1979-09-13,18200.0
1979-09-14,17600.0
1979-09-15,17000.0
1979-09-16,16300.0
1979-09-17,15300.0
1979-09-18,14300.0
1979-09-19,13300.0
1979-09-20,12500.0
1979-09-21,11800.0
1979-09-22,11000.0
1979-09-23,10300.0
1979-09-24,9710.0
1979-09-25,9000.0
1979-09-26,8350.0
1979-09-27,7870.0
1979-09-28,7470.0
1979-09-29,7360.0
1979-09-30,7300.0
1979-10-01,7610.0
1979-10-02,8290.0
1979-10-03,8860.0
1979-10-04,9370.0
1979-10-05,9570.0
1979-10-06,9650.0
1979-10-07,9880.0
1979-10-08,10000.0
1979-10-09,10200.0
1979-10-10,10400.0
1979-10-11,10100.0
1979-10-12,9820.0
1979-10-13,9760.0
1979-10-14,9680.0
1979-10-15,9420.0
1979-10-16,9000.0
1979-10-17,8490.0
1979-10-18,8150.0
1979-10-19,7780.0
1979-10-20,7360.0
1979-10-21,6910.0
1979-10-22,6450.0
1979-10-23,6000.0
1979-10-24,5740.0
1979-10-25,5460.0
1979-10-26,5260.0
1979-10-27,4950.0
1979-10-28,4730.0
1979-10-29,4560.0
1979-10-30,4390.0
1979-10-31,4190.0
1979-11-01,4050.0
1979-11-02,3880.0
1979-11-03,3740.0
1979-11-04,3620.0
1979-11-05,3450.0
1979-11-06,3340.0
1979-11-07,3250.0
1979-11-08,3140.0
1979-11-09,3080.0
1979-11-10,2970.0
1979-11-11,2860.0
1979-11-12,2800.0
1979-11-13,2760.0
1979-11-14,2740.0
1979-11-15,2710.0
1979-11-16,2660.0
1979-11-17,2570.0
1979-11-18,2510.0
1979-11-19,2480.0
1979-11-20,2410.0
1979-11-21,2320.0
1979-11-22,2270.0
1979-11-23,2280.0
1979-11-24,2270.0
1979-11-25,2200.0
1979-11-26,2120.0
1979-11-27,2070.0
1979-11-28,2030.0
1979-11-29,2010.0
1979-11-30,2020.0
1979-12-01,2020.0
1979-12-02,2050.0
1979-12-03,2050.0
1979-12-04,2110.0
1979-12-05,2130.0
1979-12-06,2220.0
1979-12-07,2280.0
1979-12-08,2240.0
1979-12-09,2150.0
1979-12-10,2100.0
1979-12-11,2080.0
1979-12-12,2080.0
1979-12-13,2060.0
1979-12-14,2050.0
1979-12-15,2040.0
1979-12-16,2010.0
1979-12-17,1980.0
1979-12-18,1960.0
1979-12-19,1950.0
1979-12-20,1930.0
1979-12-21,1920.0
1979-12-22,1870.0
1979-12-23,1830.0
1979-12-24,1830.0
1979-12-25,1790.0
1979-12-26,1710.0
1979-12-27,1660.0
1979-12-28,1640.0
1979-12-29,1620.0
1979-12-30,1620.0
1979-12-31,1620.0
1980-01-01,1600.0
1980-01-02,1620.0
1980-01-03,1620.0
1980-01-04,1590.0
1980-01-05,1540.0
1980-01-06,1470.0
1980-01-07,1460.0
1980-01-08,1460.0
1980-01-09,1440.0
1980-01-10,1390.0
1980-01-11,1430.0
1980-01-12,1430.0
1980-01-13,1390.0
1980-01-14,1360.0
1980-01-15,1340.0
1980-01-16,1310.0
1980-01-17,1300.0
1980-01-18,1310.0
1980-01-19,1310.0
1980-01-20,1290.0
1980-01-21,1250.0
1980-01-22,1190.0
1980-01-23,1180.0
1980-01-24,1170.0
1980-01-25,1160.0
1980-01-26,1140.0
1980-01-27,1130.0
1980-01-28,1130.0
1980-01-29,1130.0
1980-01-30,1130.0
1980-01-31,1130.0
1980-02-01,1130.0
1980-02-02,1130.0
1980-02-03,1120.0
1980-02-04,1110.0
1980-02-05,1110.0
1980-02-06,1100.0
1980-02-07,1090.0
1980-02-08,1070.0
1980-02-09,1070.0
1980-02-10,1070.0
1980-02-11,1070.0
1980-02-12,1060.0
1980-02-13,1030.0
1980-02-14,1000.0
1980-02-15,993.0
1980-02-16,990.0
1980-02-17,999.0
1980-02-18,999.0
1980-02-19,1010.0
1980-02-20,1000.0
1980-02-21,993.0
1980-02-22,990.0
1980-02-23,971.0
1980-02-24,959.0
1980-02-25,951.0
1980-02-26,951.0
1980-02-27,954.0
1980-02-28,959.0
1980-02-29,954.0
1980-03-01,959.0
1980-03-02,962.0
1980-03-03,959.0
1980-03-04,934.0
1980-03-05,931.0
1980-03-06,931.0
1980-03-07,931.0
1980-03-08,940.0
1980-03-09,940.0
1980-03-10,931.0
1980-03-11,931.0
1980-03-12,928.0
1980-03-13,920.0
1980-03-14,911.0
1980-03-15,908.0
1980-03-16,908.0
1980-03-17,908.0
1980-03-18,900.0
1980-03-19,891.0
1980-03-20,891.0
1980-03-21,891.0
1980-03-22,891.0
1980-03-23,891.0
1980-03-24,883.0
1980-03-25,883.0
1980-03-26,883.0
1980-03-27,883.0
1980-03-28,883.0
1980-03-29,880.0
1980-03-30,874.0
1980-03-31,874.0
1980-04-01,942.0
1980-04-02,942.0
1980-04-03,940.0
1980-04-04,937.0
1980-04-05,934.0
1980-04-06,937.0
1980-04-07,940.0
1980-04-08,940.0
1980-04-09,940.0
1980-04-10,940.0
1980-04-11,940.0
1980-04-12,940.0
1980-04-13,940.0
1980-04-14,940.0
1980-04-15,940.0
1980-04-16,940.0
1980-04-17,940.0
1980-04-18,940.0
1980-04-19,940.0
1980-04-20,942.0
1980-04-21,948.0
1980-04-22,945.0
1980-04-23,945.0
1980-04-24,945.0
1980-04-25,945.0
1980-04-26,948.0
1980-04-27,951.0
1980-04-28,957.0
1980-04-29,957.0
1980-04-30,959.0
1980-05-01,990.0
1980-05-02,1020.0
1980-05-03,1050.0
1980-05-04,1080.0
1980-05-05,1150.0
1980-05-06,1250.0
1980-05-07,1240.0
1980-05-08,1240.0
1980-05-09,1280.0
1980-05-10,1260.0
1980-05-11,1210.0
1980-05-12,1170.0
1980-05-13,1170.0
1980-05-14,1200.0
1980-05-15,1220.0
1980-05-16,1230.0
1980-05-17,1210.0
1980-05-18,1190.0
1980-05-19,1160.0
1980-05-20,1190.0
1980-05-21,1210.0
1980-05-22,1210.0
1980-05-23,1210.0
1980-05-24,1210.0
1980-05-25,1220.0
1980-05-26,1260.0
1980-05-27,1270.0
1980-05-28,1300.0
1980-05-29,1400.0
1980-05-30,1430.0
1980-05-31,1470.0
1980-06-01,1500.0
1980-06-02,1520.0
1980-06-03,1410.0
1980-06-04,1320.0
1980-06-05,1390.0
1980-06-06,1440.0
1980-06-07,1440.0
1980-06-08,1440.0
1980-06-09,1540.0
1980-06-10,1730.0
1980-06-11,1880.0
1980-06-12,2070.0
1980-06-13,2240.0
1980-06-14,2450.0
1980-06-15,2670.0
1980-06-16,3280.0
1980-06-17,3880.0
1980-06-18,4410.0
1980-06-19,5070.0
1980-06-20,5240.0
1980-06-21,5090.0
1980-06-22,5010.0
1980-06-23,4950.0
1980-06-24,5010.0
1980-06-25,4980.0
1980-06-26,5070.0
1980-06-27,5040.0
1980-06-28,5150.0
1980-06-29,5240.0
1980-06-30,5350.0
1980-07-01,5320.0
1980-07-02,5320.0
1980-07-03,5150.0
1980-07-04,5380.0
1980-07-05,6310.0
1980-07-06,7470.0
1980-07-07,9140.0
1980-07-08,10800.0
1980-07-09,12700.0
1980-07-10,14500.0
1980-07-11,16300.0
1980-07-12,18000.0
1980-07-13,20000.0
1980-07-14,22200.0
1980-07-15,24800.0
1980-07-16,26500.0
1980-07-17,28100.0
1980-07-18,29800.0
1980-07-19,31800.0
1980-07-20,35400.0
1980-07-21,37700.0
1980-07-22,39700.0
1980-07-23,41300.0
1980-07-24,42300.0
1980-07-25,43000.0
1980-07-26,43000.0
1980-07-27,42300.0
1980-07-28,41300.0
1980-07-29,40400.0
1980-07-30,39400.0
1980-07-31,38100.0
1980-08-01,37600.0
1980-08-02,37500.0
1980-08-03,38100.0
1980-08-04,39500.0
1980-08-05,40000.0
1980-08-06,40700.0
1980-08-07,41600.0
1980-08-08,42600.0
1980-08-09,43200.0
1980-08-10,44200.0
1980-08-11,45500.0
1980-08-12,46900.0
1980-08-13,48600.0
1980-08-14,50100.0
1980-08-15,51300.0
1980-08-16,52600.0
1980-08-17,53100.0
1980-08-18,55300.0
1980-08-19,56800.0
1980-08-20,57300.0
1980-08-21,57800.0
1980-08-22,57800.0
1980-08-23,57300.0
1980-08-24,55500.0
1980-08-25,52500.0
1980-08-26,50200.0
1980-08-27,47500.0
1980-08-28,45600.0
1980-08-29,46000.0
1980-08-30,47100.0
1980-08-31,48600.0
1980-09-01,49700.0
1980-09-02,51300.0
1980-09-03,53400.0
1980-09-04,54200.0
1980-09-05,55000.0
1980-09-06,56200.0
1980-09-07,57200.0
1980-09-08,56800.0
1980-09-09,55900.0
1980-09-10,55200.0
1980-09-11,54000.0
1980-09-12,53300.0
1980-09-13,52100.0
1980-09-14,50900.0
1980-09-15,49800.0
1980-09-16,47800.0
1980-09-17,45900.0
1980-09-18,42800.0
1980-09-19,39100.0
1980-09-20,35800.0
1980-09-21,32900.0
1980-09-22,31000.0
1980-09-23,30200.0
1980-09-24,31800.0
1980-09-25,33500.0
1980-09-26,34200.0
1980-09-27,34000.0
1980-09-28,32600.0
1980-09-29,30500.0
1980-09-30,28400.0
1980-10-01,26700.0
1980-10-02,25800.0
1980-10-03,24900.0
1980-10-04,23900.0
1980-10-05,22900.0
1980-10-06,21700.0
1980-10-07,20300.0
1980-10-08,18800.0
1980-10-09,17700.0
1980-10-10,17300.0
1980-10-11,16500.0
1980-10-12,15500.0
1980-10-13,14500.0
1980-10-14,13700.0
1980-10-15,13000.0
1980-10-16,12300.0
1980-10-17,11600.0
1980-10-18,10900.0
1980-10-19,10700.0
1980-10-20,10400.0
1980-10-21,10500.0
1980-10-22,10200.0
1980-10-23,9790.0
1980-10-24,9680.0
1980-10-25,9540.0
1980-10-26,9110.0
1980-10-27,8800.0
1980-10-28,8350.0
1980-10-29,8180.0
1980-10-30,8040.0
1980-10-31,7810.0
1980-11-01,7610.0
1980-11-02,7300.0
1980-11-03,6930.0
1980-11-04,6760.0
1980-11-05,6340.0
1980-11-06,6000.0
1980-11-07,5830.0
1980-11-08,5660.0
1980-11-09,5550.0
1980-11-10,5380.0
1980-11-11,5260.0
1980-11-12,5210.0
1980-11-13,5260.0
1980-11-14,5210.0
1980-11-15,5010.0
1980-11-16,4900.0
1980-11-17,4750.0
1980-11-18,4580.0
1980-11-19,4530.0
1980-11-20,4560.0
1980-11-21,4500.0
1980-11-22,4410.0
1980-11-23,4300.0
1980-11-24,4190.0
1980-11-25,4050.0
1980-11-26,4020.0
1980-11-27,3930.0
1980-11-28,3820.0
1980-11-29,3710.0
1980-11-30,3620.0
1980-12-01,3510.0
1980-12-02,3450.0
1980-12-03,3450.0
1980-12-04,3420.0
1980-12-05,3310.0
1980-12-06,3200.0
1980-12-07,3170.0
1980-12-08,3140.0
1980-12-09,3080.0
1980-12-10,3030.0
1980-12-11,2970.0
1980-12-12,2940.0
1980-12-13,2910.0
1980-12-14,2890.0
1980-12-15,2810.0
1980-12-16,2690.0
1980-12-17,2600.0
1980-12-18,2540.0
1980-12-19,2520.0
1980-12-20,2490.0
1980-12-21,2400.0
1980-12-22,2320.0
1980-12-23,2270.0
1980-12-24,2240.0
1980-12-25,2230.0
1980-12-26,2190.0
1980-12-27,2180.0
1980-12-28,2180.0
1980-12-29,2160.0
1980-12-30,2150.0
1980-12-31,2110.0
1981-01-01,2060.0
1981-01-02,1990.0
1981-01-03,1930.0
1981-01-04,1870.0
1981-01-05,1810.0
1981-01-06,1770.0
1981-01-07,1770.0
1981-01-08,1760.0
1981-01-09,1740.0
1981-01-10,1730.0
1981-01-11,1750.0
1981-01-12,1740.0
1981-01-13,1710.0
1981-01-14,1670.0
1981-01-15,1660.0
1981-01-16,1620.0
1981-01-17,1580.0
1981-01-18,1560.0
1981-01-19,1510.0
1981-01-20,1500.0
1981-01-21,1520.0
1981-01-22,1560.0
1981-01-23,1560.0
1981-01-24,1500.0
1981-01-25,1450.0
1981-01-26,1400.0
1981-01-27,1380.0
1981-01-28,1400.0
1981-01-29,1440.0
1981-01-30,1450.0
1981-01-31,1430.0
1981-02-01,1430.0
1981-02-02,1410.0
1981-02-03,1420.0
1981-02-04,1440.0
1981-02-05,1450.0
1981-02-06,1470.0
1981-02-07,1500.0
1981-02-08,1500.0
1981-02-09,1500.0
1981-02-10,1470.0
1981-02-11,1430.0
1981-02-12,1390.0
1981-02-13,1370.0
1981-02-14,1360.0
1981-02-15,1360.0
1981-02-16,1350.0
1981-02-17,1320.0
1981-02-18,1290.0
1981-02-19,1270.0
1981-02-20,1260.0
1981-02-21,1260.0
1981-02-22,1260.0
1981-02-23,1240.0
1981-02-24,1200.0
1981-02-25,1130.0
1981-02-26,1090.0
1981-02-27,1090.0
1981-02-28,1100.0
1981-03-01,1130.0
1981-03-02,1150.0
1981-03-03,1140.0
1981-03-04,1110.0
1981-03-05,1080.0
1981-03-06,1030.0
1981-03-07,1030.0
1981-03-08,1060.0
1981-03-09,1060.0
1981-03-10,1060.0
1981-03-11,1050.0
1981-03-12,1010.0
1981-03-13,979.0
1981-03-14,954.0
1981-03-15,934.0
1981-03-16,940.0
1981-03-17,959.0
1981-03-18,971.0
1981-03-19,971.0
1981-03-20,971.0
1981-03-21,962.0
1981-03-22,928.0
1981-03-23,903.0
1981-03-24,877.0
1981-03-25,889.0
1981-03-26,934.0
1981-03-27,928.0
1981-03-28,925.0
1981-03-29,928.0
1981-03-30,928.0
1981-03-31,934.0
1981-04-01,976.0
1981-04-02,999.0
1981-04-03,961.0
1981-04-04,930.0
1981-04-05,918.0
1981-04-06,910.0
1981-04-07,880.0
1981-04-08,877.0
1981-04-09,886.0
1981-04-10,894.0
1981-04-11,894.0
1981-04-12,910.0
1981-04-13,944.0
1981-04-14,983.0
1981-04-15,997.0
1981-04-16,995.0
1981-04-17,1090.0
1981-04-18,1150.0
1981-04-19,1210.0
1981-04-20,1250.0
1981-04-21,1290.0
1981-04-22,1330.0
1981-04-23,1410.0
1981-04-24,1430.0
1981-04-25,1420.0
1981-04-26,1290.0
1981-04-27,1220.0
1981-04-28,1310.0
1981-04-29,1390.0
1981-04-30,1460.0
1981-05-01,1400.0
1981-05-02,1380.0
1981-05-03,1410.0
1981-05-04,1440.0
1981-05-05,1450.0
1981-05-06,1420.0
1981-05-07,1430.0
1981-05-08,1480.0
1981-05-09,1460.0
1981-05-10,1490.0
1981-05-11,1500.0
1981-05-12,1470.0
1981-05-13,1480.0
1981-05-14,1500.0
1981-05-15,1500.0
1981-05-16,1520.0
1981-05-17,1530.0
1981-05-18,1570.0
1981-05-19,1560.0
1981-05-20,1590.0
1981-05-21,1570.0
1981-05-22,1640.0
1981-05-23,1760.0
1981-05-24,1710.0
1981-05-25,1610.0
1981-05-26,1540.0
1981-05-27,1740.0
1981-05-28,1830.0
1981-05-29,1800.0
1981-05-30,1940.0
1981-05-31,2190.0
1981-06-01,2430.0
1981-06-02,2580.0
1981-06-03,2760.0
1981-06-04,2680.0
1981-06-05,2480.0
1981-06-06,2360.0
1981-06-07,2380.0
1981-06-08,2430.0
1981-06-09,2590.0
1981-06-10,2610.0
1981-06-11,2580.0
1981-06-12,2390.0
1981-06-13,2290.0
1981-06-14,2170.0
1981-06-15,2010.0
1981-06-16,1930.0
1981-06-17,1910.0
1981-06-18,1910.0
1981-06-19,1930.0
1981-06-20,2190.0
1981-06-21,2590.0
1981-06-22,2830.0
1981-06-23,2720.0
1981-06-24,2490.0
1981-06-25,2440.0
1981-06-26,2430.0
1981-06-27,2400.0
1981-06-28,2360.0
1981-06-29,2470.0
1981-06-30,2680.0
1981-07-01,3220.0
1981-07-02,5480.0
1981-07-03,6320.0
1981-07-04,7420.0
1981-07-05,9370.0
1981-07-06,12500.0
1981-07-07,15800.0
1981-07-08,19800.0
1981-07-09,21400.0
1981-07-10,22700.0
1981-07-11,22100.0
1981-07-12,21200.0
1981-07-13,20200.0
1981-07-14,19300.0
1981-07-15,18400.0
1981-07-16,17900.0
1981-07-17,17700.0
1981-07-18,18200.0
1981-07-19,19900.0
1981-07-20,24000.0
1981-07-21,28100.0
1981-07-22,30500.0
1981-07-23,32200.0
1981-07-24,33100.0
1981-07-25,33300.0
1981-07-26,33000.0
1981-07-27,34700.0
1981-07-28,36900.0
1981-07-29,39100.0
1981-07-30,40600.0
1981-07-31,41400.0
1981-08-01,42000.0
1981-08-02,42200.0
1981-08-03,43700.0
1981-08-04,45000.0
1981-08-05,45700.0
1981-08-06,46400.0
1981-08-07,47000.0
1981-08-08,47500.0
1981-08-09,46400.0
1981-08-10,44600.0
1981-08-11,43500.0
1981-08-12,42800.0
1981-08-13,42200.0
1981-08-14,41800.0
1981-08-15,41900.0
1981-08-16,41200.0
1981-08-17,39800.0
1981-08-18,37900.0
1981-08-19,35600.0
1981-08-20,33700.0
1981-08-21,32800.0
1981-08-22,32600.0
1981-08-23,32600.0
1981-08-24,33300.0
1981-08-25,34800.0
1981-08-26,38000.0
1981-08-27,41500.0
1981-08-28,45300.0
1981-08-29,47000.0
1981-08-30,47900.0
1981-08-31,46900.0
1981-09-01,43600.0
1981-09-02,41500.0
1981-09-03,38700.0
1981-09-04,37000.0
1981-09-05,35400.0
1981-09-06,33800.0
1981-09-07,32200.0
1981-09-08,30000.0
1981-09-09,28800.0
1981-09-10,27700.0
1981-09-11,27500.0
1981-09-12,28200.0
1981-09-13,31300.0
1981-09-14,33400.0
1981-09-15,34700.0
1981-09-16,34900.0
1981-09-17,33400.0
1981-09-18,31900.0
1981-09-19,30200.0
1981-09-20,27700.0
1981-09-21,25700.0
1981-09-22,24100.0
1981-09-23,22900.0
1981-09-24,22300.0
1981-09-25,21500.0
1981-09-26,20800.0
1981-09-27,19500.0
1981-09-28,18500.0
1981-09-29,17400.0
1981-09-30,16100.0
1981-10-01,15200.0
1981-10-02,15100.0
1981-10-03,16800.0
1981-10-04,18900.0
1981-10-05,21300.0
1981-10-06,22700.0
1981-10-07,23500.0
1981-10-08,23300.0
1981-10-09,21800.0
1981-10-10,20100.0
1981-10-11,18300.0
1981-10-12,17100.0
1981-10-13,15800.0
1981-10-14,14700.0
1981-10-15,13600.0
1981-10-16,13200.0
1981-10-17,12700.0
1981-10-18,12200.0
1981-10-19,11700.0
1981-10-20,11200.0
1981-10-21,10700.0
1981-10-22,9590.0
1981-10-23,8600.0
1981-10-24,7540.0
1981-10-25,7120.0
1981-10-26,6560.0
1981-10-27,5890.0
1981-10-28,5440.0
1981-10-29,5280.0
1981-10-30,5240.0
1981-10-31,5140.0
1981-11-01,5100.0
1981-11-02,5060.0
1981-11-03,4960.0
1981-11-04,4930.0
1981-11-05,4770.0
1981-11-06,4650.0
1981-11-07,4580.0
1981-11-08,4460.0
1981-11-09,4300.0
1981-11-10,4240.0
1981-11-11,4280.0
1981-11-12,4170.0
1981-11-13,4100.0
1981-11-14,4260.0
1981-11-15,4180.0
1981-11-16,4090.0
1981-11-17,4110.0
1981-11-18,4060.0
1981-11-19,3850.0
1981-11-20,3850.0
1981-11-21,3830.0
1981-11-22,3700.0
1981-11-23,3670.0
1981-11-24,3600.0
1981-11-25,3510.0
1981-11-26,3360.0
1981-11-27,3440.0
1981-11-28,3380.0
1981-11-29,3280.0
1981-11-30,3190.0
1981-12-01,3080.0
1981-12-02,3000.0
1981-12-03,3030.0
1981-12-04,3040.0
1981-12-05,3040.0
1981-12-06,3080.0
1981-12-07,2990.0
1981-12-08,2880.0
1981-12-09,2780.0
1981-12-10,2710.0
1981-12-11,2660.0
1981-12-12,2550.0
1981-12-13,2480.0
1981-12-14,2550.0
1981-12-15,2510.0
1981-12-16,2390.0
1981-12-17,2380.0
1981-12-18,2390.0
1981-12-19,2390.0
1981-12-20,2360.0
1981-12-21,2320.0
1981-12-22,2310.0
1981-12-23,2320.0
1981-12-24,2240.0
1981-12-25,2180.0
1981-12-26,2100.0
1981-12-27,2040.0
1981-12-28,1970.0
1981-12-29,1920.0
1981-12-30,1850.0
1981-12-31,1770.0
1982-01-01,1680.0
1982-01-02,1680.0
1982-01-03,1680.0
1982-01-04,1710.0
1982-01-05,1740.0
1982-01-06,1660.0
1982-01-07,1540.0
1982-01-08,1500.0
1982-01-09,1490.0
1982-01-10,1470.0
1982-01-11,1490.0
1982-01-12,1510.0
1982-01-13,1530.0
1982-01-14,1460.0
1982-01-15,1410.0
1982-01-16,1400.0
1982-01-17,1380.0
1982-01-18,1380.0
1982-01-19,1350.0
1982-01-20,1330.0
1982-01-21,1310.0
1982-01-22,1310.0
1982-01-23,1340.0
1982-01-24,1350.0
1982-01-25,1340.0
1982-01-26,1290.0
1982-01-27,1270.0
1982-01-28,1290.0
1982-01-29,1250.0
1982-01-30,1270.0
1982-01-31,1270.0
1982-02-01,1280.0
1982-02-02,1240.0
1982-02-03,1220.0
1982-02-04,1210.0
1982-02-05,1220.0
1982-02-06,1310.0
1982-02-07,1300.0
1982-02-08,1310.0
1982-02-09,1380.0
1982-02-10,1470.0
1982-02-11,1560.0
1982-02-12,1510.0
1982-02-13,1470.0
1982-02-14,1470.0
1982-02-15,1460.0
1982-02-16,1450.0
1982-02-17,1440.0
1982-02-18,1430.0
1982-02-19,1450.0
1982-02-20,1430.0
1982-02-21,1430.0
1982-02-22,1450.0
1982-02-23,1450.0
1982-02-24,1380.0
1982-02-25,1410.0
1982-02-26,1320.0
1982-02-27,1350.0
1982-02-28,1310.0
1982-03-01,1270.0
1982-03-02,1270.0
1982-03-03,1290.0
1982-03-04,1310.0
1982-03-05,1300.0
1982-03-06,1330.0
1982-03-07,1360.0
1982-03-08,1360.0
1982-03-09,1300.0
1982-03-10,1310.0
1982-03-11,1280.0
1982-03-12,1270.0
1982-03-13,1280.0
1982-03-14,1280.0
1982-03-15,1290.0
1982-03-16,1300.0
1982-03-17,1280.0
1982-03-18,1310.0
1982-03-19,1350.0
1982-03-20,1220.0
1982-03-21,1280.0
1982-03-22,1310.0
1982-03-23,1330.0
1982-03-24,1310.0
1982-03-25,1280.0
1982-03-26,1240.0
1982-03-27,1210.0
1982-03-28,1190.0
1982-03-29,1170.0
1982-03-30,1210.0
1982-03-31,1220.0
1982-04-01,1250.0
1982-04-02,1290.0
1982-04-03,1270.0
1982-04-04,1280.0
1982-04-05,1290.0
1982-04-06,1330.0
1982-04-07,1370.0
1982-04-08,1400.0
1982-04-09,1380.0
1982-04-10,1360.0
1982-04-11,1410.0
1982-04-12,1470.0
1982-04-13,1540.0
1982-04-14,1640.0
1982-04-15,1640.0
1982-04-16,1640.0
1982-04-17,1630.0
1982-04-18,1630.0
1982-04-19,1660.0
1982-04-20,1770.0
1982-04-21,1810.0
1982-04-22,1780.0
1982-04-23,1750.0
1982-04-24,1730.0
1982-04-25,1750.0
1982-04-26,1780.0
1982-04-27,1890.0
1982-04-28,1890.0
1982-04-29,1860.0
1982-04-30,1810.0
1982-05-01,1830.0
1982-05-02,1870.0
1982-05-03,1890.0
1982-05-04,1880.0
1982-05-05,1870.0
1982-05-06,1900.0
1982-05-07,1920.0
1982-05-08,1940.0
1982-05-09,1940.0
1982-05-10,1930.0
1982-05-11,1890.0
1982-05-12,1830.0
1982-05-13,1780.0
1982-05-14,1730.0
1982-05-15,1730.0
1982-05-16,1720.0
1982-05-17,1720.0
1982-05-18,1760.0
1982-05-19,1800.0
1982-05-20,1850.0
1982-05-21,1860.0
1982-05-22,1840.0
1982-05-23,1820.0
1982-05-24,1800.0
1982-05-25,1740.0
1982-05-26,1690.0
1982-05-27,1780.0
1982-05-28,1890.0
1982-05-29,1930.0
1982-05-30,1970.0
1982-05-31,1940.0
1982-06-01,1920.0
1982-06-02,1900.0
1982-06-03,1870.0
1982-06-04,1920.0
1982-06-05,1970.0
1982-06-06,1990.0
1982-06-07,2010.0
1982-06-08,2130.0
1982-06-09,2290.0
1982-06-10,2370.0
1982-06-11,2670.0
1982-06-12,2910.0
1982-06-13,3180.0
1982-06-14,3560.0
1982-06-15,3810.0
1982-06-16,4040.0
1982-06-17,4130.0
1982-06-18,4600.0
1982-06-19,5110.0
1982-06-20,5560.0
1982-06-21,6100.0
1982-06-22,6740.0
1982-06-23,7490.0
1982-06-24,8030.0
1982-06-25,8210.0
1982-06-26,8090.0
1982-06-27,7840.0
1982-06-28,7760.0
1982-06-29,7830.0
1982-06-30,7750.0
1982-07-01,7330.0
1982-07-02,7030.0
1982-07-03,7030.0
1982-07-04,6680.0
1982-07-05,6460.0
1982-07-06,6350.0
1982-07-07,6350.0
1982-07-08,6740.0
1982-07-09,7060.0
1982-07-10,7330.0
1982-07-11,7500.0
1982-07-12,7840.0
1982-07-13,9070.0
1982-07-14,9940.0
1982-07-15,10300.0
1982-07-16,10600.0
1982-07-17,10900.0
1982-07-18,11300.0
1982-07-19,11200.0
1982-07-20,10800.0
1982-07-21,10600.0
1982-07-22,10500.0
1982-07-23,10900.0
1982-07-24,11900.0
1982-07-25,12900.0
1982-07-26,13200.0
1982-07-27,13400.0
1982-07-28,13900.0
1982-07-29,15000.0
1982-07-30,16900.0
1982-07-31,17800.0
1982-08-01,18600.0
1982-08-02,20800.0
1982-08-03,23200.0
1982-08-04,24900.0
1982-08-05,26200.0
1982-08-06,26900.0
1982-08-07,27200.0
1982-08-08,27700.0
1982-08-09,28700.0
1982-08-10,30000.0
1982-08-11,30900.0
1982-08-12,32100.0
1982-08-13,33000.0
1982-08-14,33200.0
1982-08-15,33200.0
1982-08-16,33200.0
1982-08-17,32900.0
1982-08-18,32500.0
1982-08-19,33100.0
1982-08-20,33000.0
1982-08-21,32700.0
1982-08-22,33400.0
1982-08-23,34900.0
1982-08-24,37200.0
1982-08-25,39600.0
1982-08-26,41500.0
1982-08-27,43200.0
1982-08-28,44900.0
1982-08-29,46600.0
1982-08-30,48100.0
1982-08-31,49500.0
1982-09-01,50800.0
1982-09-02,52200.0
1982-09-03,53100.0
1982-09-04,54700.0
1982-09-05,55800.0
1982-09-06,57300.0
1982-09-07,58800.0
1982-09-08,59900.0
1982-09-09,60900.0
1982-09-10,61600.0
1982-09-11,60900.0
1982-09-12,60000.0
1982-09-13,57700.0
1982-09-14,54500.0
1982-09-15,51400.0
1982-09-16,48800.0
1982-09-17,47200.0
1982-09-18,46600.0
1982-09-19,46200.0
1982-09-20,45700.0
1982-09-21,44600.0
1982-09-22,43500.0
1982-09-23,41300.0
1982-09-24,38500.0
1982-09-25,36000.0
1982-09-26,33300.0
1982-09-27,30700.0
1982-09-28,28800.0
1982-09-29,27000.0
1982-09-30,24700.0
1982-10-01,22600.0
1982-10-02,20800.0
1982-10-03,19100.0
1982-10-04,17300.0
1982-10-05,15900.0
1982-10-06,14200.0
1982-10-07,13100.0
1982-10-08,12300.0
1982-10-09,11600.0
1982-10-10,10700.0
1982-10-11,10200.0
1982-10-12,9640.0
1982-10-13,9180.0
1982-10-14,8630.0
1982-10-15,8250.0
1982-10-16,7810.0
1982-10-17,7370.0
1982-10-18,7080.0
1982-10-19,6740.0
1982-10-20,6580.0
1982-10-21,6290.0
1982-10-22,6020.0
1982-10-23,5900.0
1982-10-24,5830.0
1982-10-25,5820.0
1982-10-26,5720.0
1982-10-27,5710.0
1982-10-28,5700.0
1982-10-29,5730.0
1982-10-30,5710.0
1982-10-31,5700.0
1982-11-01,5690.0
1982-11-02,5460.0
1982-11-03,5020.0
1982-11-04,4970.0
1982-11-05,4820.0
1982-11-06,4710.0
1982-11-07,4640.0
1982-11-08,4650.0
1982-11-09,4750.0
1982-11-10,4740.0
1982-11-11,4640.0
1982-11-12,4610.0
1982-11-13,4540.0
1982-11-14,4430.0
1982-11-15,4340.0
1982-11-16,4320.0
1982-11-17,4370.0
1982-11-18,4350.0
1982-11-19,4370.0
1982-11-20,4340.0
1982-11-21,4300.0
1982-11-22,4210.0
1982-11-23,4180.0
1982-11-24,4180.0
1982-11-25,4100.0
1982-11-26,4040.0
1982-11-27,3980.0
1982-11-28,3950.0
1982-11-29,3910.0
1982-11-30,3850.0
1982-12-01,3880.0
1982-12-02,4000.0
1982-12-03,4070.0
1982-12-04,4010.0
1982-12-05,3760.0
1982-12-06,3640.0
1982-12-07,3540.0
1982-12-08,3360.0
1982-12-09,3240.0
1982-12-10,3110.0
1982-12-11,2990.0
1982-12-12,2900.0
1982-12-13,2810.0
1982-12-14,2770.0
1982-12-15,2750.0
1982-12-16,2710.0
1982-12-17,2650.0
1982-12-18,2590.0
1982-12-19,2520.0
1982-12-20,2470.0
1982-12-21,2380.0
1982-12-22,2250.0
1982-12-23,2190.0
1982-12-24,2160.0
1982-12-25,2120.0
1982-12-26,2040.0
1982-12-27,1960.0
1982-12-28,1950.0
1982-12-29,1900.0
1982-12-30,1770.0
1982-12-31,1670.0
1983-01-01,1580.0
1983-01-02,1550.0
1983-01-03,1620.0
1983-01-04,1630.0
1983-01-05,1680.0
1983-01-06,1690.0
1983-01-07,1620.0
1983-01-08,1550.0
1983-01-09,1490.0
1983-01-10,1440.0
1983-01-11,1380.0
1983-01-12,1380.0
1983-01-13,1340.0
1983-01-14,1350.0
1983-01-15,1380.0
1983-01-16,1410.0
1983-01-17,1330.0
1983-01-18,1360.0
1983-01-19,1330.0
1983-01-20,1250.0
1983-01-21,1240.0
1983-01-22,1250.0
1983-01-23,1250.0
1983-01-24,1240.0
1983-01-25,1260.0
1983-01-26,1300.0
1983-01-27,1290.0
1983-01-28,1210.0
1983-01-29,1140.0
1983-01-30,1150.0
1983-01-31,1140.0
1983-02-01,1120.0
1983-02-02,1110.0
1983-02-03,1130.0
1983-02-04,1140.0
1983-02-05,1150.0
1983-02-06,1130.0
1983-02-07,1150.0
1983-02-08,1140.0
1983-02-09,1160.0
1983-02-10,1150.0
1983-02-11,1170.0
1983-02-12,1180.0
1983-02-13,1170.0
1983-02-14,1180.0
1983-02-15,1210.0
1983-02-16,1230.0
1983-02-17,1210.0
1983-02-18,1200.0
1983-02-19,1200.0
1983-02-20,1200.0
1983-02-21,1180.0
1983-02-22,1170.0
1983-02-23,1020.0
1983-02-24,1010.0
1983-02-25,1010.0
1983-02-26,1030.0
1983-02-27,1030.0
1983-02-28,1040.0
1983-03-01,989.0
1983-03-02,995.0
1983-03-03,946.0
1983-03-04,944.0
1983-03-05,941.0
1983-03-06,954.0
1983-03-07,1000.0
1983-03-08,984.0
1983-03-09,1010.0
1983-03-10,950.0
1983-03-11,928.0
1983-03-12,919.0
1983-03-13,884.0
1983-03-14,923.0
1983-03-15,867.0
1983-03-16,848.0
1983-03-17,852.0
1983-03-18,861.0
1983-03-19,865.0
1983-03-20,832.0
1983-03-21,857.0
1983-03-22,785.0
1983-03-23,807.0
1983-03-24,708.0
1983-03-25,699.0
1983-03-26,695.0
1983-03-27,703.0
1983-03-28,788.0
1983-03-29,815.0
1983-03-30,794.0
1983-03-31,800.0
1983-04-01,803.0
1983-04-02,809.0
1983-04-03,814.0
1983-04-04,792.0
1983-04-05,795.0
1983-04-06,700.0
1983-04-07,743.0
1983-04-08,763.0
1983-04-09,795.0
1983-04-10,813.0
1983-04-11,809.0
1983-04-12,855.0
1983-04-13,863.0
1983-04-14,840.0
1983-04-15,816.0
1983-04-16,806.0
1983-04-17,803.0
1983-04-18,776.0
1983-04-19,778.0
1983-04-20,777.0
1983-04-21,765.0
1983-04-22,811.0
1983-04-23,867.0
1983-04-24,880.0
1983-04-25,892.0
1983-04-26,892.0
1983-04-27,885.0
1983-04-28,895.0
1983-04-29,881.0
1983-04-30,887.0
1983-05-01,900.0
1983-05-02,944.0
1983-05-03,1100.0
1983-05-04,1230.0
1983-05-05,1350.0
1983-05-06,1350.0
1983-05-07,1350.0
1983-05-08,1370.0
1983-05-09,1360.0
1983-05-10,1360.0
1983-05-11,1360.0
1983-05-12,1380.0
1983-05-13,1410.0
1983-05-14,1470.0
1983-05-15,1600.0
1983-05-16,1620.0
1983-05-17,1580.0
1983-05-18,1650.0
1983-05-19,1690.0
1983-05-20,1720.0
1983-05-21,1730.0
1983-05-22,1760.0
1983-05-23,1780.0
1983-05-24,1760.0
1983-05-25,1730.0
1983-05-26,1730.0
1983-05-27,1790.0
1983-05-28,1860.0
1983-05-29,1720.0
1983-05-30,1950.0
1983-05-31,1960.0
1983-06-01,1940.0
1983-06-02,1920.0
1983-06-03,1890.0
1983-06-04,1810.0
1983-06-05,1720.0
1983-06-06,1660.0
1983-06-07,1700.0
1983-06-08,1830.0
1983-06-09,2120.0
1983-06-10,2190.0
1983-06-11,2100.0
1983-06-12,2100.0
1983-06-13,2160.0
1983-06-14,2230.0
1983-06-15,2240.0
1983-06-16,2230.0
1983-06-17,2300.0
1983-06-18,2270.0
1983-06-19,2170.0
1983-06-20,2180.0
1983-06-21,2150.0
1983-06-22,2150.0
1983-06-23,2230.0
1983-06-24,2410.0
1983-06-25,2550.0
1983-06-26,2630.0
1983-06-27,2710.0
1983-06-28,3060.0
1983-06-29,3240.0
1983-06-30,3150.0
1983-07-01,3040.0
1983-07-02,3260.0
1983-07-03,3660.0
1983-07-04,4030.0
1983-07-05,4600.0
1983-07-06,5380.0
1983-07-07,7350.0
1983-07-08,9900.0
1983-07-09,12700.0
1983-07-10,15100.0
1983-07-11,16500.0
1983-07-12,16900.0
1983-07-13,16200.0
1983-07-14,15000.0
1983-07-15,13600.0
1983-07-16,12900.0
1983-07-17,12500.0
1983-07-18,13100.0
1983-07-19,13700.0
1983-07-20,14000.0
1983-07-21,14500.0
1983-07-22,15000.0
1983-07-23,15300.0
1983-07-24,15200.0
1983-07-25,14700.0
1983-07-26,14700.0
1983-07-27,15000.0
1983-07-28,15900.0
1983-07-29,16300.0
1983-07-30,17400.0
1983-07-31,19100.0
1983-08-01,21000.0
1983-08-02,22900.0
1983-08-03,24300.0
1983-08-04,25800.0
1983-08-05,27100.0
1983-08-06,27800.0
1983-08-07,28100.0
1983-08-08,29700.0
1983-08-09,30400.0
1983-08-10,30400.0
1983-08-11,29900.0
1983-08-12,29000.0
1983-08-13,27200.0
1983-08-14,25200.0
1983-08-15,23600.0
1983-08-16,22200.0
1983-08-17,21300.0
1983-08-18,20800.0
1983-08-19,20700.0
1983-08-20,20600.0
1983-08-21,21100.0
1983-08-22,22000.0
1983-08-23,23000.0
1983-08-24,23700.0
1983-08-25,24600.0
1983-08-26,25400.0
1983-08-27,26500.0
1983-08-28,27900.0
1983-08-29,29700.0
1983-08-30,31400.0
1983-08-31,32400.0
1983-09-01,33200.0
1983-09-02,33200.0
1983-09-03,32700.0
1983-09-04,32100.0
1983-09-05,31300.0
1983-09-06,31500.0
1983-09-07,31800.0
1983-09-08,32600.0
1983-09-09,34600.0
1983-09-10,36600.0
1983-09-11,38000.0
1983-09-12,40400.0
1983-09-13,43700.0
1983-09-14,46000.0
1983-09-15,48000.0
1983-09-16,50200.0
1983-09-17,52700.0
1983-09-18,53800.0
1983-09-19,56300.0
1983-09-20,57800.0
1983-09-21,58700.0
1983-09-22,60000.0
1983-09-23,59700.0
1983-09-24,58700.0
1983-09-25,55600.0
1983-09-26,52400.0
1983-09-27,49700.0
1983-09-28,46300.0
1983-09-29,43700.0
1983-09-30,41700.0
1983-10-01,40500.0
1983-10-02,39700.0
1983-10-03,39400.0
1983-10-04,38900.0
1983-10-05,37900.0
1983-10-06,36500.0
1983-10-07,34800.0
1983-10-08,32300.0
1983-10-09,29700.0
1983-10-10,29100.0
1983-10-11,26100.0
1983-10-12,24500.0
1983-10-13,23200.0
1983-10-14,21900.0
1983-10-15,21500.0
1983-10-16,22000.0
1983-10-17,24500.0
1983-10-18,26900.0
1983-10-19,27100.0
1983-10-20,25400.0
1983-10-21,22500.0
1983-10-22,20000.0
1983-10-23,18000.0
1983-10-24,16400.0
1983-10-25,15600.0
1983-10-26,14800.0
1983-10-27,14000.0
1983-10-28,13300.0
1983-10-29,12700.0
1983-10-30,12200.0
1983-10-31,11700.0
1983-11-01,11200.0
1983-11-02,10600.0
1983-11-03,10300.0
1983-11-04,9850.0
1983-11-05,9540.0
1983-11-06,9340.0
1983-11-07,9120.0
1983-11-08,8890.0
1983-11-09,8420.0
1983-11-10,8170.0
1983-11-11,7830.0
1983-11-12,7450.0
1983-11-13,7170.0
1983-11-14,6890.0
1983-11-15,6690.0
1983-11-16,6440.0
1983-11-17,6360.0
1983-11-18,6330.0
1983-11-19,6090.0
1983-11-20,5960.0
1983-11-21,5860.0
1983-11-22,5670.0
1983-11-23,5570.0
1983-11-24,5490.0
1983-11-25,5340.0
1983-11-26,5210.0
1983-11-27,5190.0
1983-11-28,5190.0
1983-11-29,4970.0
1983-11-30,4800.0
1983-12-01,4590.0
1983-12-02,4510.0
1983-12-03,4420.0
1983-12-04,4190.0
1983-12-05,4090.0
1983-12-06,4030.0
1983-12-07,3900.0
1983-12-08,3780.0
1983-12-09,3670.0
1983-12-10,3560.0
1983-12-11,3500.0
1983-12-12,3450.0
1983-12-13,3340.0
1983-12-14,3300.0
1983-12-15,3290.0
1983-12-16,3180.0
1983-12-17,3110.0
1983-12-18,3100.0
1983-12-19,3080.0
1983-12-20,3010.0
1983-12-21,2960.0
1983-12-22,2930.0
1983-12-23,2900.0
1983-12-24,2820.0
1983-12-25,2760.0
1983-12-26,2700.0
1983-12-27,2660.0
1983-12-28,2580.0
1983-12-29,2550.0
1983-12-30,2570.0
1983-12-31,2470.0
1984-01-01,2390.0
1984-01-02,2420.0
1984-01-03,2300.0
1984-01-04,2310.0
1984-01-05,2390.0
1984-01-06,2360.0
1984-01-07,2250.0
1984-01-08,2210.0
1984-01-09,2220.0
1984-01-10,2260.0
1984-01-11,2210.0
1984-01-12,2140.0
1984-01-13,2110.0
1984-01-14,2090.0
1984-01-15,2070.0
1984-01-16,2080.0
1984-01-17,2110.0
1984-01-18,2110.0
1984-01-19,2060.0
1984-01-20,2040.0
1984-01-21,1980.0
1984-01-22,1870.0
1984-01-23,1780.0
1984-01-24,1830.0
1984-01-25,1820.0
1984-01-26,1890.0
1984-01-27,1880.0
1984-01-28,1890.0
1984-01-29,2000.0
1984-01-30,2070.0
1984-01-31,2100.0
1984-02-01,2030.0
1984-02-02,1970.0
1984-02-03,1930.0
1984-02-04,1870.0
1984-02-05,1820.0
1984-02-06,1770.0
1984-02-07,1720.0
1984-02-08,1620.0
1984-02-09,1590.0
1984-02-10,1530.0
1984-02-11,1490.0
1984-02-12,1480.0
1984-02-13,1500.0
1984-02-14,1430.0
1984-02-15,1410.0
1984-02-16,1410.0
1984-02-17,1420.0
1984-02-18,1420.0
1984-02-19,1360.0
1984-02-20,1360.0
1984-02-21,1370.0
1984-02-22,1400.0
1984-02-23,1420.0
1984-02-24,1450.0
1984-02-25,1450.0
1984-02-26,1440.0
1984-02-27,1450.0
1984-02-28,1450.0
1984-02-29,1410.0
1984-03-01,1400.0
1984-03-02,1410.0
1984-03-03,1460.0
1984-03-04,1490.0
1984-03-05,1410.0
1984-03-06,1390.0
1984-03-07,1430.0
1984-03-08,1390.0
1984-03-09,1420.0
1984-03-10,1410.0
1984-03-11,1410.0
1984-03-12,1390.0
1984-03-13,1330.0
1984-03-14,1340.0
1984-03-15,1260.0
1984-03-16,1210.0
1984-03-17,1160.0
1984-03-18,1190.0
1984-03-19,1130.0
1984-03-20,1100.0
1984-03-21,1080.0
1984-03-22,1080.0
1984-03-23,1100.0
1984-03-24,1130.0
1984-03-25,1110.0
1984-03-26,1090.0
1984-03-27,1080.0
1984-03-28,1070.0
1984-03-29,997.0
1984-03-30,984.0
1984-03-31,978.0
1984-04-01,923.0
1984-04-02,908.0
1984-04-03,901.0
1984-04-04,889.0
1984-04-05,959.0
1984-04-06,975.0
1984-04-07,977.0
1984-04-08,1020.0
1984-04-09,986.0
1984-04-10,960.0
1984-04-11,936.0
1984-04-12,928.0
1984-04-13,935.0
1984-04-14,953.0
1984-04-15,962.0
1984-04-16,999.0
1984-04-17,996.0
1984-04-18,976.0
1984-04-19,971.0
1984-04-20,961.0
1984-04-21,963.0
1984-04-22,973.0
1984-04-23,989.0
1984-04-24,972.0
1984-04-25,986.0
1984-04-26,1040.0
1984-04-27,1080.0
1984-04-28,1090.0
1984-04-29,1110.0
1984-04-30,1120.0
1984-05-01,1110.0
1984-05-02,1120.0
1984-05-03,1170.0
1984-05-04,1200.0
1984-05-05,1220.0
1984-05-06,1240.0
1984-05-07,1230.0
1984-05-08,1240.0
1984-05-09,1270.0
1984-05-10,1310.0
1984-05-11,1320.0
1984-05-12,1320.0
1984-05-13,1350.0
1984-05-14,1430.0
1984-05-15,1460.0
1984-05-16,1450.0
1984-05-17,1440.0
1984-05-18,1440.0
1984-05-19,1430.0
1984-05-20,1470.0
1984-05-21,1480.0
1984-05-22,1500.0
1984-05-23,1450.0
1984-05-24,1440.0
1984-05-25,1500.0
1984-05-26,1560.0
1984-05-27,1650.0
1984-05-28,1620.0
1984-05-29,1670.0
1984-05-30,1550.0
1984-05-31,1530.0
1984-06-01,1550.0
1984-06-02,1560.0
1984-06-03,1700.0
1984-06-04,2140.0
1984-06-05,2220.0
1984-06-06,2200.0
1984-06-07,2260.0
1984-06-08,2450.0
1984-06-09,2800.0
1984-06-10,3490.0
1984-06-11,4270.0
1984-06-12,4490.0
1984-06-13,4760.0
1984-06-14,5460.0
1984-06-15,6050.0
1984-06-16,6590.0
1984-06-17,7460.0
1984-06-18,9070.0
1984-06-19,10300.0
1984-06-20,10800.0
1984-06-21,11100.0
1984-06-22,11700.0
1984-06-23,12800.0
1984-06-24,13500.0
1984-06-25,13700.0
1984-06-26,14200.0
1984-06-27,16000.0
1984-06-28,17300.0
1984-06-29,17100.0
1984-06-30,15900.0
1984-07-01,14600.0
1984-07-02,13700.0
1984-07-03,13000.0
1984-07-04,12900.0
1984-07-05,12900.0
1984-07-06,13000.0
1984-07-07,13500.0
1984-07-08,14100.0
1984-07-09,15200.0
1984-07-10,16400.0
1984-07-11,17400.0
1984-07-12,19800.0
1984-07-13,22600.0
1984-07-14,25700.0
1984-07-15,28100.0
1984-07-16,29200.0
1984-07-17,29600.0
1984-07-18,29500.0
1984-07-19,28600.0
1984-07-20,27800.0
1984-07-21,27100.0
1984-07-22,26100.0
1984-07-23,25300.0
1984-07-24,24900.0
1984-07-25,24900.0
1984-07-26,25200.0
1984-07-27,26400.0
1984-07-28,28400.0
1984-07-29,30900.0
1984-07-30,33700.0
1984-07-31,36100.0
1984-08-01,38700.0
1984-08-02,40300.0
1984-08-03,42200.0
1984-08-04,43800.0
1984-08-05,45500.0
1984-08-06,46600.0
1984-08-07,45000.0
1984-08-08,43200.0
1984-08-09,39600.0
1984-08-10,36300.0
1984-08-11,33200.0
1984-08-12,31500.0
1984-08-13,31100.0
1984-08-14,30500.0
1984-08-15,29600.0
1984-08-16,28800.0
1984-08-17,27200.0
1984-08-18,25900.0
1984-08-19,24700.0
1984-08-20,23300.0
1984-08-21,22900.0
1984-08-22,22300.0
1984-08-23,23400.0
1984-08-24,25100.0
1984-08-25,26300.0
1984-08-26,28900.0
1984-08-27,32100.0
1984-08-28,35500.0
1984-08-29,38600.0
1984-08-30,42200.0
1984-08-31,43600.0
1984-09-01,45200.0
1984-09-02,46200.0
1984-09-03,46600.0
1984-09-04,45700.0
1984-09-05,45900.0
1984-09-06,47100.0
1984-09-07,48300.0
1984-09-08,49400.0
1984-09-09,51900.0
1984-09-10,53200.0
1984-09-11,53900.0
1984-09-12,54400.0
1984-09-13,54900.0
1984-09-14,54900.0
1984-09-15,55500.0
1984-09-16,56500.0
1984-09-17,56300.0
1984-09-18,53300.0
1984-09-19,50800.0
1984-09-20,48000.0
1984-09-21,46100.0
1984-09-22,45200.0
1984-09-23,44400.0
1984-09-24,42800.0
1984-09-25,39400.0
1984-09-26,36000.0
1984-09-27,31700.0
1984-09-28,29400.0
1984-09-29,27200.0
1984-09-30,25000.0
1984-10-01,22800.0
1984-10-02,21300.0
1984-10-03,20300.0
1984-10-04,19300.0
1984-10-05,17700.0
1984-10-06,16600.0
1984-10-07,15700.0
1984-10-08,14400.0
1984-10-09,13400.0
1984-10-10,12600.0
1984-10-11,11900.0
1984-10-12,11000.0
1984-10-13,10600.0
1984-10-14,10100.0
1984-10-15,9600.0
1984-10-16,9230.0
1984-10-17,8870.0
1984-10-18,8460.0
1984-10-19,8150.0
1984-10-20,7840.0
1984-10-21,7570.0
1984-10-22,7470.0
1984-10-23,7630.0
1984-10-24,7580.0
1984-10-25,7580.0
1984-10-26,7440.0
1984-10-27,7260.0
1984-10-28,7040.0
1984-10-29,6900.0
1984-10-30,6620.0
1984-10-31,6510.0
1984-11-01,6380.0
1984-11-02,6160.0
1984-11-03,6020.0
1984-11-04,5900.0
1984-11-05,5790.0
1984-11-06,5690.0
1984-11-07,5620.0
1984-11-08,5480.0
1984-11-09,5170.0
1984-11-10,4970.0
1984-11-11,4930.0
1984-11-12,4680.0
1984-11-13,4570.0
1984-11-14,4410.0
1984-11-15,4260.0
1984-11-16,4170.0
1984-11-17,4100.0
1984-11-18,4040.0
1984-11-19,3810.0
1984-11-20,3780.0
1984-11-21,3690.0
1984-11-22,3620.0
1984-11-23,3480.0
1984-11-24,3440.0
1984-11-25,3440.0
1984-11-26,3350.0
1984-11-27,3250.0
1984-11-28,3220.0
1984-11-29,3150.0
1984-11-30,3090.0
1984-12-01,3000.0
1984-12-02,2930.0
1984-12-03,2890.0
1984-12-04,2800.0
1984-12-05,2750.0
1984-12-06,2730.0
1984-12-07,2740.0
1984-12-08,2680.0
1984-12-09,2530.0
1984-12-10,2510.0
1984-12-11,2550.0
1984-12-12,2510.0
1984-12-13,2450.0
1984-12-14,2450.0
1984-12-15,2450.0
1984-12-16,2400.0
1984-12-17,2370.0
1984-12-18,2320.0
1984-12-19,2290.0
1984-12-20,2230.0
1984-12-21,2200.0
1984-12-22,2180.0
1984-12-23,2140.0
1984-12-24,2090.0
1984-12-25,2020.0
1984-12-26,1980.0
1984-12-27,1950.0
1984-12-28,1940.0
1984-12-29,1940.0
1984-12-30,1910.0
1984-12-31,1870.0
1985-01-01,1830.0
1985-01-02,1790.0
1985-01-03,1700.0
1985-01-04,1640.0
1985-01-05,1630.0
1985-01-06,1680.0
1985-01-07,1660.0
1985-01-08,1520.0
1985-01-09,1590.0
1985-01-10,1630.0
1985-01-11,1610.0
1985-01-12,1580.0
1985-01-13,1570.0
1985-01-14,1660.0
1985-01-15,1530.0
1985-01-16,1510.0
1985-01-17,1490.0
1985-01-18,1550.0
1985-01-19,1470.0
1985-01-20,1470.0
1985-01-21,1480.0
1985-01-22,1550.0
1985-01-23,1480.0
1985-01-24,1400.0
1985-01-25,1380.0
1985-01-26,1410.0
1985-01-27,1370.0
1985-01-28,1340.0
1985-01-29,1300.0
1985-01-30,1360.0
1985-01-31,1310.0
1985-02-01,1310.0
1985-02-02,1340.0
1985-02-03,1300.0
1985-02-04,1330.0
1985-02-05,1320.0
1985-02-06,1350.0
1985-02-07,1280.0
1985-02-08,1300.0
1985-02-09,1250.0
1985-02-10,1220.0
1985-02-11,1180.0
1985-02-12,1170.0
1985-02-13,1150.0
1985-02-14,1160.0
1985-02-15,1150.0
1985-02-16,1130.0
1985-02-17,1100.0
1985-02-18,1090.0
1985-02-19,1080.0
1985-02-20,1080.0
1985-02-21,1040.0
1985-02-22,1020.0
1985-02-23,1020.0
1985-02-24,1000.0
1985-02-25,944.0
1985-02-26,951.0
1985-02-27,933.0
1985-02-28,911.0
1985-03-01,905.0
1985-03-02,905.0
1985-03-03,940.0
1985-03-04,1010.0
1985-03-05,1020.0
1985-03-06,987.0
1985-03-07,989.0
1985-03-08,972.0
1985-03-09,952.0
1985-03-10,948.0
1985-03-11,938.0
1985-03-12,937.0
1985-03-13,914.0
1985-03-14,889.0
1985-03-15,869.0
1985-03-16,857.0
1985-03-17,875.0
1985-03-18,905.0
1985-03-19,959.0
1985-03-20,842.0
1985-03-21,812.0
1985-03-22,788.0
1985-03-23,770.0
1985-03-24,760.0
1985-03-25,774.0
1985-03-26,771.0
1985-03-27,768.0
1985-03-28,750.0
1985-03-29,758.0
1985-03-30,758.0
1985-03-31,742.0
1985-04-01,732.0
1985-04-02,726.0
1985-04-03,738.0
1985-04-04,701.0
1985-04-05,689.0
1985-04-06,687.0
1985-04-07,729.0
1985-04-08,732.0
1985-04-09,720.0
1985-04-10,740.0
1985-04-11,739.0
1985-04-12,728.0
1985-04-13,717.0
1985-04-14,754.0
1985-04-15,821.0
1985-04-16,819.0
1985-04-17,824.0
1985-04-18,814.0
1985-04-19,815.0
1985-04-20,803.0
1985-04-21,793.0
1985-04-22,800.0
1985-04-23,805.0
1985-04-24,813.0
1985-04-25,824.0
1985-04-26,829.0
1985-04-27,829.0
1985-04-28,852.0
1985-04-29,810.0
1985-04-30,756.0
1985-05-01,751.0
1985-05-02,830.0
1985-05-03,903.0
1985-05-04,934.0
1985-05-05,952.0
1985-05-06,958.0
1985-05-07,968.0
1985-05-08,918.0
1985-05-09,783.0
1985-05-10,838.0
1985-05-11,922.0
1985-05-12,893.0
1985-05-13,874.0
1985-05-14,879.0
1985-05-15,861.0
1985-05-16,832.0
1985-05-17,810.0
1985-05-18,787.0
1985-05-19,804.0
1985-05-20,792.0
1985-05-21,765.0
1985-05-22,784.0
1985-05-23,808.0
1985-05-24,823.0
1985-05-25,852.0
1985-05-26,901.0
1985-05-27,935.0
1985-05-28,977.0
1985-05-29,1030.0
1985-05-30,1030.0
1985-05-31,995.0
1985-06-01,979.0
1985-06-02,1000.0
1985-06-03,1110.0
1985-06-04,1260.0
1985-06-05,1530.0
1985-06-06,1670.0
1985-06-07,1640.0
1985-06-08,1620.0
1985-06-09,1540.0
1985-06-10,1420.0
1985-06-11,1320.0
1985-06-12,1250.0
1985-06-13,1230.0
1985-06-14,1280.0
1985-06-15,1310.0
1985-06-16,1330.0
1985-06-17,1390.0
1985-06-18,1430.0
1985-06-19,1480.0
1985-06-20,1520.0
1985-06-21,1650.0
1985-06-22,1870.0
1985-06-23,2060.0
1985-06-24,2210.0
1985-06-25,2350.0
1985-06-26,2390.0
1985-06-27,2430.0
1985-06-28,2480.0
1985-06-29,2650.0
1985-06-30,2840.0
1985-07-01,3130.0
1985-07-02,3600.0
1985-07-03,4360.0
1985-07-04,5670.0
1985-07-05,6390.0
1985-07-06,6600.0
1985-07-07,6640.0
1985-07-08,7050.0
1985-07-09,7660.0
1985-07-10,8530.0
1985-07-11,9890.0
1985-07-12,12000.0
1985-07-13,13800.0
1985-07-14,15000.0
1985-07-15,15900.0
1985-07-16,16900.0
1985-07-17,17800.0
1985-07-18,18700.0
1985-07-19,19500.0
1985-07-20,20500.0
1985-07-21,21600.0
1985-07-22,22900.0
1985-07-23,23400.0
1985-07-24,23500.0
1985-07-25,24200.0
1985-07-26,25800.0
1985-07-27,27500.0
1985-07-28,28400.0
1985-07-29,29000.0
1985-07-30,31600.0
1985-07-31,34700.0
1985-08-01,37600.0
1985-08-02,41100.0
1985-08-03,43400.0
1985-08-04,45600.0
1985-08-05,46800.0
1985-08-06,45400.0
1985-08-07,41800.0
1985-08-08,37600.0
1985-08-09,35000.0
1985-08-10,33300.0
1985-08-11,32000.0
1985-08-12,31000.0
1985-08-13,31200.0
1985-08-14,32800.0
1985-08-15,35200.0
1985-08-16,36800.0
1985-08-17,38500.0
1985-08-18,38900.0
1985-08-19,37800.0
1985-08-20,33700.0
1985-08-21,30800.0
1985-08-22,30500.0
1985-08-23,32800.0
1985-08-24,36200.0
1985-08-25,39900.0
1985-08-26,43000.0
1985-08-27,45100.0
1985-08-28,47200.0
1985-08-29,48000.0
1985-08-30,47900.0
1985-08-31,46000.0
1985-09-01,44200.0
1985-09-02,42800.0
1985-09-03,41000.0
1985-09-04,39200.0
1985-09-05,37700.0
1985-09-06,37100.0
1985-09-07,37200.0
1985-09-08,37100.0
1985-09-09,37000.0
1985-09-10,36500.0
1985-09-11,36100.0
1985-09-12,34800.0
1985-09-13,33100.0
1985-09-14,30800.0
1985-09-15,29300.0
1985-09-16,28800.0
1985-09-17,29500.0
1985-09-18,29200.0
1985-09-19,31500.0
1985-09-20,34300.0
1985-09-21,36200.0
1985-09-22,37400.0
1985-09-23,38100.0
1985-09-24,38400.0
1985-09-25,37600.0
1985-09-26,36700.0
1985-09-27,35600.0
1985-09-28,35300.0
1985-09-29,34800.0
1985-09-30,37600.0
1985-10-01,40400.0
1985-10-02,42700.0
1985-10-03,43400.0
1985-10-04,42300.0
1985-10-05,38800.0
1985-10-06,34700.0
1985-10-07,31900.0
1985-10-08,29500.0
1985-10-09,27700.0
1985-10-10,26300.0
1985-10-11,25300.0
1985-10-12,24600.0
1985-10-13,25100.0
1985-10-14,30500.0
1985-10-15,35900.0
1985-10-16,39700.0
1985-10-17,42000.0
1985-10-18,44400.0
1985-10-19,47700.0
1985-10-20,49300.0
1985-10-21,50300.0
1985-10-22,49900.0
1985-10-23,48100.0
1985-10-24,46400.0
1985-10-25,43600.0
1985-10-26,39900.0
1985-10-27,36100.0
1985-10-28,33200.0
1985-10-29,29600.0
1985-10-30,26800.0
1985-10-31,24900.0
1985-11-01,23600.0
1985-11-02,21800.0
1985-11-03,20900.0
1985-11-04,19600.0
1985-11-05,18400.0
1985-11-06,17100.0
1985-11-07,16200.0
1985-11-08,15100.0
1985-11-09,14400.0
1985-11-10,13500.0
1985-11-11,12800.0
1985-11-12,12100.0
1985-11-13,11600.0
1985-11-14,11200.0
1985-11-15,10800.0
1985-11-16,10300.0
1985-11-17,9930.0
1985-11-18,9560.0
1985-11-19,9280.0
1985-11-20,9080.0
1985-11-21,8750.0
1985-11-22,8570.0
1985-11-23,8400.0
1985-11-24,8240.0
1985-11-25,8060.0
1985-11-26,7880.0
1985-11-27,7520.0
1985-11-28,7250.0
1985-11-29,7130.0
1985-11-30,6850.0
1985-12-01,6570.0
1985-12-02,6460.0
1985-12-03,6230.0
1985-12-04,5960.0
1985-12-05,5790.0
1985-12-06,5540.0
1985-12-07,5330.0
1985-12-08,5260.0
1985-12-09,5170.0
1985-12-10,4980.0
1985-12-11,4860.0
1985-12-12,4560.0
1985-12-13,4540.0
1985-12-14,4440.0
1985-12-15,4240.0
1985-12-16,4170.0
1985-12-17,4030.0
1985-12-18,3940.0
1985-12-19,3910.0
1985-12-20,3850.0
1985-12-21,3760.0
1985-12-22,3560.0
1985-12-23,3460.0
1985-12-24,3450.0
1985-12-25,3420.0
1985-12-26,3390.0
1985-12-27,3420.0
1985-12-28,3410.0
1985-12-29,3320.0
1985-12-30,3350.0
1985-12-31,3300.0
1986-01-01,3220.0
1986-01-02,3270.0
1986-01-03,3370.0
1986-01-04,3280.0
1986-01-05,3270.0
1986-01-06,3200.0
1986-01-07,3100.0
1986-01-08,3110.0
1986-01-09,3070.0
1986-01-10,3090.0
1986-01-11,3170.0
1986-01-12,2940.0
1986-01-13,2920.0
1986-01-14,2860.0
1986-01-15,2860.0
1986-01-16,2810.0
1986-01-17,2690.0
1986-01-18,2610.0
1986-01-19,2590.0
1986-01-20,2590.0
1986-01-21,2590.0
1986-01-22,2460.0
1986-01-23,2380.0
1986-01-24,2330.0
1986-01-25,2280.0
1986-01-26,2240.0
1986-01-27,2190.0
1986-01-28,2090.0
1986-01-29,2010.0
1986-01-30,2040.0
1986-01-31,1980.0
1986-02-01,1920.0
1986-02-02,1910.0
1986-02-03,1930.0
1986-02-04,1910.0
1986-02-05,1830.0
1986-02-06,1820.0
1986-02-07,1830.0
1986-02-08,1830.0
1986-02-09,1780.0
1986-02-10,1760.0
1986-02-11,1720.0
1986-02-12,1710.0
1986-02-13,1730.0
1986-02-14,1750.0
1986-02-15,1770.0
1986-02-16,1730.0
1986-02-17,1740.0
1986-02-18,1770.0
1986-02-19,1790.0
1986-02-20,1780.0
1986-02-21,1760.0
1986-02-22,1750.0
1986-02-23,1780.0
1986-02-24,1800.0
1986-02-25,1830.0
1986-02-26,1930.0
1986-02-27,2060.0
1986-02-28,2090.0
1986-03-01,2150.0
1986-03-02,2230.0
1986-03-03,2240.0
1986-03-04,2210.0
1986-03-05,2180.0
1986-03-06,2160.0
1986-03-07,2110.0
1986-03-08,2040.0
1986-03-09,1920.0
1986-03-10,1930.0
1986-03-11,1880.0
1986-03-12,1790.0
1986-03-13,1760.0
1986-03-14,1760.0
1986-03-15,1750.0
1986-03-16,1700.0
1986-03-17,1660.0
1986-03-18,1640.0
1986-03-19,1590.0
1986-03-20,1450.0
1986-03-21,1420.0
1986-03-22,1420.0
1986-03-23,1450.0
1986-03-24,1340.0
1986-03-25,1350.0
1986-03-26,1330.0
1986-03-27,1330.0
1986-03-28,1300.0
1986-03-29,1290.0
1986-03-30,1250.0
1986-03-31,1240.0
1986-04-01,1210.0
1986-04-02,1210.0
1986-04-03,1220.0
1986-04-04,1200.0
1986-04-05,1180.0
1986-04-06,1150.0
1986-04-07,1230.0
1986-04-08,1210.0
1986-04-09,1240.0
1986-04-10,1220.0
1986-04-11,1220.0
1986-04-12,1220.0
1986-04-13,1210.0
1986-04-14,1250.0
1986-04-15,1270.0
1986-04-16,1270.0
1986-04-17,1260.0
1986-04-18,1250.0
1986-04-19,1280.0
1986-04-20,1310.0
1986-04-21,1340.0
1986-04-22,1320.0
1986-04-23,1330.0
1986-04-24,1370.0
1986-04-25,1440.0
1986-04-26,1410.0
1986-04-27,1400.0
1986-04-28,1420.0
1986-04-29,1450.0
1986-04-30,1430.0
1986-05-01,1450.0
1986-05-02,1500.0
1986-05-03,1570.0
1986-05-04,1620.0
1986-05-05,1610.0
1986-05-06,1630.0
1986-05-07,1610.0
1986-05-08,1620.0
1986-05-09,1580.0
1986-05-10,1560.0
1986-05-11,1560.0
1986-05-12,1620.0
1986-05-13,1650.0
1986-05-14,1640.0
1986-05-15,1560.0
1986-05-16,1530.0
1986-05-17,1580.0
1986-05-18,1660.0
1986-05-19,1700.0
1986-05-20,1660.0
1986-05-21,1640.0
1986-05-22,1740.0
1986-05-23,1740.0
1986-05-24,1750.0
1986-05-25,1780.0
1986-05-26,1820.0
1986-05-27,1790.0
1986-05-28,1780.0
1986-05-29,1770.0
1986-05-30,1760.0
1986-05-31,1740.0
1986-06-01,1740.0
1986-06-02,1700.0
1986-06-03,1620.0
1986-06-04,1540.0
1986-06-05,1500.0
1986-06-06,1490.0
1986-06-07,1460.0
1986-06-08,1450.0
1986-06-09,1410.0
1986-06-10,1330.0
1986-06-11,1320.0
1986-06-12,1390.0
1986-06-13,1490.0
1986-06-14,1510.0
1986-06-15,1570.0
1986-06-16,1720.0
1986-06-17,1750.0
1986-06-18,1780.0
1986-06-19,1880.0
1986-06-20,2050.0
1986-06-21,2250.0
1986-06-22,2570.0
1986-06-23,2940.0
1986-06-24,3410.0
1986-06-25,3700.0
1986-06-26,3990.0
1986-06-27,4490.0
1986-06-28,5110.0
1986-06-29,6180.0
1986-06-30,7310.0
1986-07-01,9980.0
1986-07-02,14200.0
1986-07-03,17600.0
1986-07-04,19700.0
1986-07-05,21100.0
1986-07-06,22000.0
1986-07-07,22000.0
1986-07-08,22000.0
1986-07-09,21200.0
1986-07-10,20500.0
1986-07-11,20500.0
1986-07-12,20100.0
1986-07-13,19900.0
1986-07-14,20300.0
1986-07-15,21500.0
1986-07-16,21900.0
1986-07-17,22800.0
1986-07-18,23800.0
1986-07-19,25000.0
1986-07-20,26000.0
1986-07-21,27200.0
1986-07-22,28900.0
1986-07-23,29800.0
1986-07-24,30600.0
1986-07-25,31600.0
1986-07-26,33300.0
1986-07-27,35500.0
1986-07-28,38500.0
1986-07-29,40000.0
1986-07-30,42100.0
1986-07-31,43200.0
1986-08-01,44600.0
1986-08-02,45100.0
1986-08-03,46600.0
1986-08-04,47300.0
1986-08-05,48700.0
1986-08-06,50000.0
1986-08-07,51000.0
1986-08-08,51300.0
1986-08-09,49800.0
1986-08-10,46100.0
1986-08-11,40800.0
1986-08-12,35700.0
1986-08-13,32500.0
1986-08-14,29800.0
1986-08-15,27600.0
1986-08-16,26200.0
1986-08-17,25100.0
1986-08-18,24400.0
1986-08-19,24100.0
1986-08-20,24600.0
1986-08-21,25200.0
1986-08-22,30300.0
1986-08-23,37300.0
1986-08-24,42700.0
1986-08-25,47600.0
1986-08-26,50300.0
1986-08-27,52800.0
1986-08-28,53500.0
1986-08-29,53200.0
1986-08-30,51200.0
1986-08-31,47700.0
1986-09-01,43300.0
1986-09-02,39400.0
1986-09-03,35800.0
1986-09-04,33500.0
1986-09-05,31300.0
1986-09-06,30400.0
1986-09-07,29400.0
1986-09-08,28100.0
1986-09-09,27600.0
1986-09-10,27100.0
1986-09-11,26300.0
1986-09-12,26000.0
1986-09-13,26000.0
1986-09-14,26600.0
1986-09-15,26700.0
1986-09-16,27300.0
1986-09-17,29400.0
1986-09-18,33200.0
1986-09-19,36300.0
1986-09-20,37400.0
1986-09-21,37300.0
1986-09-22,35800.0
1986-09-23,32400.0
1986-09-24,29600.0
1986-09-25,27300.0
1986-09-26,26100.0
1986-09-27,25100.0
1986-09-28,23900.0
1986-09-29,22900.0
1986-09-30,21200.0
1986-10-01,20200.0
1986-10-02,19700.0
1986-10-03,18900.0
1986-10-04,18800.0
1986-10-05,18600.0
1986-10-06,18900.0
1986-10-07,20100.0
1986-10-08,23400.0
1986-10-09,26100.0
1986-10-10,26200.0
1986-10-11,24500.0
1986-10-12,22300.0
1986-10-13,20300.0
1986-10-14,19500.0
1986-10-15,18600.0
1986-10-16,18100.0
1986-10-17,17300.0
1986-10-18,16800.0
1986-10-19,16100.0
1986-10-20,15600.0
1986-10-21,15300.0
1986-10-22,14200.0
1986-10-23,13600.0
1986-10-24,13000.0
1986-10-25,12200.0
1986-10-26,11600.0
1986-10-27,11000.0
1986-10-28,10500.0
1986-10-29,10000.0
1986-10-30,9470.0
1986-10-31,9020.0
1986-11-01,8690.0
1986-11-02,8410.0
1986-11-03,8170.0
1986-11-04,7970.0
1986-11-05,7680.0
1986-11-06,7490.0
1986-11-07,7330.0
1986-11-08,7100.0
1986-11-09,7010.0
1986-11-10,6660.0
1986-11-11,6560.0
1986-11-12,6300.0
1986-11-13,6080.0
1986-11-14,5870.0
1986-11-15,5700.0
1986-11-16,5600.0
1986-11-17,5460.0
1986-11-18,5390.0
1986-11-19,5340.0
1986-11-20,5240.0
1986-11-21,5180.0
1986-11-22,5080.0
1986-11-23,4970.0
1986-11-24,4940.0
1986-11-25,4780.0
1986-11-26,4660.0
1986-11-27,4570.0
1986-11-28,4510.0
1986-11-29,4440.0
1986-11-30,4330.0
1986-12-01,4270.0
1986-12-02,4170.0
1986-12-03,4060.0
1986-12-04,3980.0
1986-12-05,3890.0
1986-12-06,3840.0
1986-12-07,3740.0
1986-12-08,3640.0
1986-12-09,3500.0
1986-12-10,3420.0
1986-12-11,3340.0
1986-12-12,3220.0
1986-12-13,3150.0
1986-12-14,3080.0
1986-12-15,2990.0
1986-12-16,2890.0
1986-12-17,2810.0
1986-12-18,2730.0
1986-12-19,2670.0
1986-12-20,2620.0
1986-12-21,2620.0
1986-12-22,2580.0
1986-12-23,2560.0
1986-12-24,2570.0
1986-12-25,2640.0
1986-12-26,2680.0
1986-12-27,2830.0
1986-12-28,3010.0
1986-12-29,3140.0
1986-12-30,3150.0
1986-12-31,3190.0
1987-01-01,3110.0
1987-01-02,3050.0
1987-01-03,2990.0
1987-01-04,2850.0
1987-01-05,2840.0
1987-01-06,2770.0
1987-01-07,2730.0
1987-01-08,2690.0
1987-01-09,2630.0
1987-01-10,2540.0
1987-01-11,2470.0
1987-01-12,2460.0
1987-01-13,2340.0
1987-01-14,2320.0
1987-01-15,2320.0
1987-01-16,2250.0
1987-01-17,2240.0
1987-01-18,2170.0
1987-01-19,2040.0
1987-01-20,2020.0
1987-01-21,1980.0
1987-01-22,1750.0
1987-01-23,1780.0
1987-01-24,1780.0
1987-01-25,1780.0
1987-01-26,1790.0
1987-01-27,1750.0
1987-01-28,1740.0
1987-01-29,1720.0
1987-01-30,1690.0
1987-01-31,1670.0
1987-02-01,1660.0
1987-02-02,1620.0
1987-02-03,1620.0
1987-02-04,1610.0
1987-02-05,1600.0
1987-02-06,1610.0
1987-02-07,1620.0
1987-02-08,1630.0
1987-02-09,1550.0
1987-02-10,1550.0
1987-02-11,1540.0
1987-02-12,1510.0
1987-02-13,1490.0
1987-02-14,1460.0
1987-02-15,1410.0
1987-02-16,1400.0
1987-02-17,1370.0
1987-02-18,1370.0
1987-02-19,1380.0
1987-02-20,1330.0
1987-02-21,1300.0
1987-02-22,1280.0
1987-02-23,1250.0
1987-02-24,1210.0
1987-02-25,1200.0
1987-02-26,1190.0
1987-02-27,1170.0
1987-02-28,1160.0
1987-03-01,1200.0
1987-03-02,1190.0
1987-03-03,1140.0
1987-03-04,1160.0
1987-03-05,1130.0
1987-03-06,1090.0
1987-03-07,1050.0
1987-03-08,1020.0
1987-03-09,996.0
1987-03-10,996.0
1987-03-11,980.0
1987-03-12,970.0
1987-03-13,948.0
1987-03-14,945.0
1987-03-15,901.0
1987-03-16,886.0
1987-03-17,871.0
1987-03-18,859.0
1987-03-19,861.0
1987-03-20,911.0
1987-03-21,983.0
1987-03-22,928.0
1987-03-23,1080.0
1987-03-24,981.0
1987-03-25,937.0
1987-03-26,940.0
1987-03-27,948.0
1987-03-28,958.0
1987-03-29,964.0
1987-03-30,1010.0
1987-03-31,941.0
1987-04-01,964.0
1987-04-02,979.0
1987-04-03,951.0
1987-04-04,924.0
1987-04-05,925.0
1987-04-06,912.0
1987-04-07,920.0
1987-04-08,980.0
1987-04-09,984.0
1987-04-10,1020.0
1987-04-11,996.0
1987-04-12,995.0
1987-04-13,971.0
1987-04-14,988.0
1987-04-15,1030.0
1987-04-16,1180.0
1987-04-17,1230.0
1987-04-18,1210.0
1987-04-19,1170.0
1987-04-20,1140.0
1987-04-21,1100.0
1987-04-22,1160.0
1987-04-23,1200.0
1987-04-24,1160.0
1987-04-25,1110.0
1987-04-26,1090.0
1987-04-27,1120.0
1987-04-28,1150.0
1987-04-29,1200.0
1987-04-30,1220.0
1987-05-01,1280.0
1987-05-02,1310.0
1987-05-03,1160.0
1987-05-04,1230.0
1987-05-05,1300.0
1987-05-06,1370.0
1987-05-07,1280.0
1987-05-08,1300.0
1987-05-09,1360.0
1987-05-10,1400.0
1987-05-11,1490.0
1987-05-12,1420.0
1987-05-13,1320.0
1987-05-14,1280.0
1987-05-15,1280.0
1987-05-16,1290.0
1987-05-17,1290.0
1987-05-18,1280.0
1987-05-19,1250.0
1987-05-20,1300.0
1987-05-21,1300.0
1987-05-22,1310.0
1987-05-23,1340.0
1987-05-24,1280.0
1987-05-25,1320.0
1987-05-26,1290.0
1987-05-27,1290.0
1987-05-28,1280.0
1987-05-29,1270.0
1987-05-30,1220.0
1987-05-31,1180.0
1987-06-01,1140.0
1987-06-02,1140.0
1987-06-03,1120.0
1987-06-04,1060.0
1987-06-05,1020.0
1987-06-06,1070.0
1987-06-07,1160.0
1987-06-08,1240.0
1987-06-09,1230.0
1987-06-10,1230.0
1987-06-11,1350.0
1987-06-12,1570.0
1987-06-13,1730.0
1987-06-14,1780.0
1987-06-15,1810.0
1987-06-16,1790.0
1987-06-17,1800.0
1987-06-18,1850.0
1987-06-19,1970.0
1987-06-20,2110.0
1987-06-21,2350.0
1987-06-22,2370.0
1987-06-23,2480.0
1987-06-24,2580.0
1987-06-25,2840.0
1987-06-26,3440.0
1987-06-27,3880.0
1987-06-28,3820.0
1987-06-29,3820.0
1987-06-30,3820.0
1987-07-01,4000.0
1987-07-02,4380.0
1987-07-03,4790.0
1987-07-04,5210.0
1987-07-05,5960.0
1987-07-06,7010.0
1987-07-07,7780.0
1987-07-08,7990.0
1987-07-09,9160.0
1987-07-10,9930.0
1987-07-11,10600.0
1987-07-12,11300.0
1987-07-13,12200.0
1987-07-14,13200.0
1987-07-15,14200.0
1987-07-16,15200.0
1987-07-17,16300.0
1987-07-18,17000.0
1987-07-19,17100.0
1987-07-20,17100.0
1987-07-21,16500.0
1987-07-22,15900.0
1987-07-23,16100.0
1987-07-24,17200.0
1987-07-25,19200.0
1987-07-26,21400.0
1987-07-27,24600.0
1987-07-28,26400.0
1987-07-29,29100.0
1987-07-30,30400.0
1987-07-31,31900.0
1987-08-01,33300.0
1987-08-02,35200.0
1987-08-03,36000.0
1987-08-04,37300.0
1987-08-05,38100.0
1987-08-06,38200.0
1987-08-07,37700.0
1987-08-08,36600.0
1987-08-09,35000.0
1987-08-10,33300.0
1987-08-11,31600.0
1987-08-12,32400.0
1987-08-13,35100.0
1987-08-14,39100.0
1987-08-15,42700.0
1987-08-16,45700.0
1987-08-17,57900.0
1987-08-18,60400.0
1987-08-19,61500.0
1987-08-20,61400.0
1987-08-21,60100.0
1987-08-22,58300.0
1987-08-23,56700.0
1987-08-24,56000.0
1987-08-25,54700.0
1987-08-26,52900.0
1987-08-27,47600.0
1987-08-28,45300.0
1987-08-29,43300.0
1987-08-30,41500.0
1987-08-31,38600.0
1987-09-01,37600.0
1987-09-02,39700.0
1987-09-03,42600.0
1987-09-04,47200.0
1987-09-05,51200.0
1987-09-06,54100.0
1987-09-07,56500.0
1987-09-08,58100.0
1987-09-09,58300.0
1987-09-10,57600.0
1987-09-11,56100.0
1987-09-12,54300.0
1987-09-13,57200.0
1987-09-14,62100.0
1987-09-15,67400.0
1987-09-16,71400.0
1987-09-17,74100.0
1987-09-18,75300.0
1987-09-19,75800.0
1987-09-20,74300.0
1987-09-21,72300.0
1987-09-22,68400.0
1987-09-23,62700.0
1987-09-24,57600.0
1987-09-25,52800.0
1987-09-26,49100.0
1987-09-27,45600.0
1987-09-28,42500.0
1987-09-29,37900.0
1987-09-30,33700.0
1987-10-01,30000.0
1987-10-02,27500.0
1987-10-03,25300.0
1987-10-04,23600.0
1987-10-05,22100.0
1987-10-06,20900.0
1987-10-07,19200.0
1987-10-08,17400.0
1987-10-09,16100.0
1987-10-10,14900.0
1987-10-11,13900.0
1987-10-12,12900.0
1987-10-13,11900.0
1987-10-14,11200.0
1987-10-15,10600.0
1987-10-16,9950.0
1987-10-17,9270.0
1987-10-18,8830.0
1987-10-19,8370.0
1987-10-20,7750.0
1987-10-21,7410.0
1987-10-22,7660.0
1987-10-23,9560.0
1987-10-24,10800.0
1987-10-25,12600.0
1987-10-26,13000.0
1987-10-27,13100.0
1987-10-28,12800.0
1987-10-29,12400.0
1987-10-30,12100.0
1987-10-31,11700.0
1987-11-01,11400.0
1987-11-02,11000.0
1987-11-03,10400.0
1987-11-04,9660.0
1987-11-05,9140.0
1987-11-06,8490.0
1987-11-07,8070.0
1987-11-08,7620.0
1987-11-09,7170.0
1987-11-10,6740.0
1987-11-11,6400.0
1987-11-12,6170.0
1987-11-13,5910.0
1987-11-14,5650.0
1987-11-15,5490.0
1987-11-16,5360.0
1987-11-17,5190.0
1987-11-18,5000.0
1987-11-19,4860.0
1987-11-20,4750.0
1987-11-21,4650.0
1987-11-22,4540.0
1987-11-23,4490.0
1987-11-24,4380.0
1987-11-25,4240.0
1987-11-26,4080.0
1987-11-27,3950.0
1987-11-28,3810.0
1987-11-29,3720.0
1987-11-30,3670.0
1987-12-01,3540.0
1987-12-02,3420.0
1987-12-03,3320.0
1987-12-04,3270.0
1987-12-05,3190.0
1987-12-06,3070.0
1987-12-07,2970.0
1987-12-08,2930.0
1987-12-09,2860.0
1987-12-10,2780.0
1987-12-11,2710.0
1987-12-12,2680.0
1987-12-13,2640.0
1987-12-14,2570.0
1987-12-15,2520.0
1987-12-16,2490.0
1987-12-17,2470.0
1987-12-18,2460.0
1987-12-19,2400.0
1987-12-20,2330.0
1987-12-21,2240.0
1987-12-22,2190.0
1987-12-23,2130.0
1987-12-24,2080.0
1987-12-25,2030.0
1987-12-26,1970.0
1987-12-27,1880.0
1987-12-28,1820.0
1987-12-29,1820.0
1987-12-30,1780.0
1987-12-31,1690.0
